category,description,month,count,rollavg_3month
Aggravated Assault,Aggravated Assault Firearm,2019-01-01,165,NA
Aggravated Assault,Aggravated Assault Firearm,2019-02-01,169,NA
Aggravated Assault,Aggravated Assault Firearm,2019-03-01,209,181
Aggravated Assault,Aggravated Assault Firearm,2019-04-01,206,195
Aggravated Assault,Aggravated Assault Firearm,2019-05-01,237,217
Aggravated Assault,Aggravated Assault Firearm,2019-06-01,249,231
Aggravated Assault,Aggravated Assault Firearm,2019-07-01,232,239
Aggravated Assault,Aggravated Assault Firearm,2019-08-01,237,239
Aggravated Assault,Aggravated Assault Firearm,2019-09-01,232,234
Aggravated Assault,Aggravated Assault Firearm,2019-10-01,236,235
Aggravated Assault,Aggravated Assault Firearm,2019-11-01,186,218
Aggravated Assault,Aggravated Assault Firearm,2019-12-01,258,227
Aggravated Assault,Aggravated Assault Firearm,2020-01-01,207,217
Aggravated Assault,Aggravated Assault Firearm,2020-02-01,176,214
Aggravated Assault,Aggravated Assault Firearm,2020-03-01,281,221
Aggravated Assault,Aggravated Assault Firearm,2020-04-01,224,227
Aggravated Assault,Aggravated Assault Firearm,2020-05-01,292,266
Aggravated Assault,Aggravated Assault Firearm,2020-06-01,315,277
Aggravated Assault,Aggravated Assault Firearm,2020-07-01,334,314
Aggravated Assault,Aggravated Assault Firearm,2020-08-01,473,374
Aggravated Assault,Aggravated Assault Firearm,2020-09-01,409,405
Aggravated Assault,Aggravated Assault Firearm,2020-10-01,422,435
Aggravated Assault,Aggravated Assault Firearm,2020-11-01,377,403
Aggravated Assault,Aggravated Assault Firearm,2020-12-01,332,377
Aggravated Assault,Aggravated Assault Firearm,2021-01-01,358,356
Aggravated Assault,Aggravated Assault Firearm,2021-02-01,240,310
Aggravated Assault,Aggravated Assault Firearm,2021-03-01,336,311
Aggravated Assault,Aggravated Assault Firearm,2021-04-01,300,292
Aggravated Assault,Aggravated Assault Firearm,2021-05-01,317,318
Aggravated Assault,Aggravated Assault Firearm,2021-06-01,319,312
Aggravated Assault,Aggravated Assault Firearm,2021-07-01,346,327
Aggravated Assault,Aggravated Assault Firearm,2021-08-01,327,331
Aggravated Assault,Aggravated Assault Firearm,2021-09-01,331,335
Aggravated Assault,Aggravated Assault Firearm,2021-10-01,318,325
Aggravated Assault,Aggravated Assault Firearm,2021-11-01,254,301
Aggravated Assault,Aggravated Assault Firearm,2021-12-01,307,293
Aggravated Assault,Aggravated Assault Firearm,2022-01-01,280,280
Aggravated Assault,Aggravated Assault Firearm,2022-02-01,243,277
Aggravated Assault,Aggravated Assault Firearm,2022-03-01,289,271
Aggravated Assault,Aggravated Assault Firearm,2022-04-01,325,286
Aggravated Assault,Aggravated Assault Firearm,2022-05-01,308,307
Aggravated Assault,Aggravated Assault Firearm,2022-06-01,328,320
Aggravated Assault,Aggravated Assault Firearm,2022-07-01,304,313
Aggravated Assault,Aggravated Assault Firearm,2022-08-01,313,315
Aggravated Assault,Aggravated Assault Firearm,2022-09-01,268,295
Aggravated Assault,Aggravated Assault Firearm,2022-10-01,277,286
Aggravated Assault,Aggravated Assault Firearm,2022-11-01,247,264
Aggravated Assault,Aggravated Assault Firearm,2022-12-01,221,248
Aggravated Assault,Aggravated Assault Firearm,2023-01-01,233,234
Aggravated Assault,Aggravated Assault Firearm,2023-02-01,231,228
Aggravated Assault,Aggravated Assault Firearm,2023-03-01,276,247
Aggravated Assault,Aggravated Assault Firearm,2023-04-01,283,263
Aggravated Assault,Aggravated Assault Firearm,2023-05-01,349,303
Aggravated Assault,Aggravated Assault Firearm,2023-06-01,299,310
Aggravated Assault,Aggravated Assault Firearm,2023-07-01,327,325
Aggravated Assault,Aggravated Assault Firearm,2023-08-01,322,316
Aggravated Assault,Aggravated Assault Firearm,2023-09-01,261,303
Aggravated Assault,Aggravated Assault Firearm,2023-10-01,70,218
Aggravated Assault,Aggravated Assault No Firearm,2019-01-01,410,NA
Aggravated Assault,Aggravated Assault No Firearm,2019-02-01,382,NA
Aggravated Assault,Aggravated Assault No Firearm,2019-03-01,388,393
Aggravated Assault,Aggravated Assault No Firearm,2019-04-01,445,405
Aggravated Assault,Aggravated Assault No Firearm,2019-05-01,575,469
Aggravated Assault,Aggravated Assault No Firearm,2019-06-01,546,522
Aggravated Assault,Aggravated Assault No Firearm,2019-07-01,513,545
Aggravated Assault,Aggravated Assault No Firearm,2019-08-01,458,506
Aggravated Assault,Aggravated Assault No Firearm,2019-09-01,463,478
Aggravated Assault,Aggravated Assault No Firearm,2019-10-01,537,486
Aggravated Assault,Aggravated Assault No Firearm,2019-11-01,428,476
Aggravated Assault,Aggravated Assault No Firearm,2019-12-01,472,479
Aggravated Assault,Aggravated Assault No Firearm,2020-01-01,409,436
Aggravated Assault,Aggravated Assault No Firearm,2020-02-01,481,454
Aggravated Assault,Aggravated Assault No Firearm,2020-03-01,425,438
Aggravated Assault,Aggravated Assault No Firearm,2020-04-01,313,406
Aggravated Assault,Aggravated Assault No Firearm,2020-05-01,474,404
Aggravated Assault,Aggravated Assault No Firearm,2020-06-01,513,433
Aggravated Assault,Aggravated Assault No Firearm,2020-07-01,535,507
Aggravated Assault,Aggravated Assault No Firearm,2020-08-01,509,519
Aggravated Assault,Aggravated Assault No Firearm,2020-09-01,506,517
Aggravated Assault,Aggravated Assault No Firearm,2020-10-01,561,525
Aggravated Assault,Aggravated Assault No Firearm,2020-11-01,413,493
Aggravated Assault,Aggravated Assault No Firearm,2020-12-01,343,439
Aggravated Assault,Aggravated Assault No Firearm,2021-01-01,364,373
Aggravated Assault,Aggravated Assault No Firearm,2021-02-01,309,339
Aggravated Assault,Aggravated Assault No Firearm,2021-03-01,411,361
Aggravated Assault,Aggravated Assault No Firearm,2021-04-01,434,385
Aggravated Assault,Aggravated Assault No Firearm,2021-05-01,474,440
Aggravated Assault,Aggravated Assault No Firearm,2021-06-01,482,463
Aggravated Assault,Aggravated Assault No Firearm,2021-07-01,466,474
Aggravated Assault,Aggravated Assault No Firearm,2021-08-01,492,480
Aggravated Assault,Aggravated Assault No Firearm,2021-09-01,486,481
Aggravated Assault,Aggravated Assault No Firearm,2021-10-01,446,475
Aggravated Assault,Aggravated Assault No Firearm,2021-11-01,399,444
Aggravated Assault,Aggravated Assault No Firearm,2021-12-01,348,398
Aggravated Assault,Aggravated Assault No Firearm,2022-01-01,351,366
Aggravated Assault,Aggravated Assault No Firearm,2022-02-01,348,349
Aggravated Assault,Aggravated Assault No Firearm,2022-03-01,419,373
Aggravated Assault,Aggravated Assault No Firearm,2022-04-01,414,394
Aggravated Assault,Aggravated Assault No Firearm,2022-05-01,453,429
Aggravated Assault,Aggravated Assault No Firearm,2022-06-01,483,450
Aggravated Assault,Aggravated Assault No Firearm,2022-07-01,429,455
Aggravated Assault,Aggravated Assault No Firearm,2022-08-01,406,439
Aggravated Assault,Aggravated Assault No Firearm,2022-09-01,415,417
Aggravated Assault,Aggravated Assault No Firearm,2022-10-01,396,406
Aggravated Assault,Aggravated Assault No Firearm,2022-11-01,409,407
Aggravated Assault,Aggravated Assault No Firearm,2022-12-01,399,401
Aggravated Assault,Aggravated Assault No Firearm,2023-01-01,388,399
Aggravated Assault,Aggravated Assault No Firearm,2023-02-01,371,386
Aggravated Assault,Aggravated Assault No Firearm,2023-03-01,372,377
Aggravated Assault,Aggravated Assault No Firearm,2023-04-01,419,387
Aggravated Assault,Aggravated Assault No Firearm,2023-05-01,485,425
Aggravated Assault,Aggravated Assault No Firearm,2023-06-01,428,444
Aggravated Assault,Aggravated Assault No Firearm,2023-07-01,492,468
Aggravated Assault,Aggravated Assault No Firearm,2023-08-01,491,470
Aggravated Assault,Aggravated Assault No Firearm,2023-09-01,410,464
Aggravated Assault,Aggravated Assault No Firearm,2023-10-01,99,333
Burglary,Burglary Non-Residential,2019-01-01,101,NA
Burglary,Burglary Non-Residential,2019-02-01,102,NA
Burglary,Burglary Non-Residential,2019-03-01,87,97
Burglary,Burglary Non-Residential,2019-04-01,91,93
Burglary,Burglary Non-Residential,2019-05-01,96,91
Burglary,Burglary Non-Residential,2019-06-01,84,90
Burglary,Burglary Non-Residential,2019-07-01,130,103
Burglary,Burglary Non-Residential,2019-08-01,112,109
Burglary,Burglary Non-Residential,2019-09-01,134,125
Burglary,Burglary Non-Residential,2019-10-01,117,121
Burglary,Burglary Non-Residential,2019-11-01,117,123
Burglary,Burglary Non-Residential,2019-12-01,186,140
Burglary,Burglary Non-Residential,2020-01-01,142,148
Burglary,Burglary Non-Residential,2020-02-01,89,139
Burglary,Burglary Non-Residential,2020-03-01,110,114
Burglary,Burglary Non-Residential,2020-04-01,149,116
Burglary,Burglary Non-Residential,2020-05-01,414,224
Burglary,Burglary Non-Residential,2020-06-01,1054,539
Burglary,Burglary Non-Residential,2020-07-01,110,526
Burglary,Burglary Non-Residential,2020-08-01,112,425
Burglary,Burglary Non-Residential,2020-09-01,109,110
Burglary,Burglary Non-Residential,2020-10-01,658,293
Burglary,Burglary Non-Residential,2020-11-01,172,313
Burglary,Burglary Non-Residential,2020-12-01,159,330
Burglary,Burglary Non-Residential,2021-01-01,102,144
Burglary,Burglary Non-Residential,2021-02-01,115,125
Burglary,Burglary Non-Residential,2021-03-01,92,103
Burglary,Burglary Non-Residential,2021-04-01,110,106
Burglary,Burglary Non-Residential,2021-05-01,111,104
Burglary,Burglary Non-Residential,2021-06-01,128,116
Burglary,Burglary Non-Residential,2021-07-01,109,116
Burglary,Burglary Non-Residential,2021-08-01,146,128
Burglary,Burglary Non-Residential,2021-09-01,174,143
Burglary,Burglary Non-Residential,2021-10-01,136,152
Burglary,Burglary Non-Residential,2021-11-01,186,165
Burglary,Burglary Non-Residential,2021-12-01,157,160
Burglary,Burglary Non-Residential,2022-01-01,163,169
Burglary,Burglary Non-Residential,2022-02-01,151,157
Burglary,Burglary Non-Residential,2022-03-01,165,160
Burglary,Burglary Non-Residential,2022-04-01,164,160
Burglary,Burglary Non-Residential,2022-05-01,190,173
Burglary,Burglary Non-Residential,2022-06-01,169,174
Burglary,Burglary Non-Residential,2022-07-01,204,188
Burglary,Burglary Non-Residential,2022-08-01,202,192
Burglary,Burglary Non-Residential,2022-09-01,201,202
Burglary,Burglary Non-Residential,2022-10-01,215,206
Burglary,Burglary Non-Residential,2022-11-01,186,201
Burglary,Burglary Non-Residential,2022-12-01,183,195
Burglary,Burglary Non-Residential,2023-01-01,134,168
Burglary,Burglary Non-Residential,2023-02-01,111,143
Burglary,Burglary Non-Residential,2023-03-01,130,125
Burglary,Burglary Non-Residential,2023-04-01,123,121
Burglary,Burglary Non-Residential,2023-05-01,144,132
Burglary,Burglary Non-Residential,2023-06-01,177,148
Burglary,Burglary Non-Residential,2023-07-01,164,162
Burglary,Burglary Non-Residential,2023-08-01,178,173
Burglary,Burglary Non-Residential,2023-09-01,276,206
Burglary,Burglary Non-Residential,2023-10-01,37,164
Burglary,Burglary Residential,2019-01-01,432,NA
Burglary,Burglary Residential,2019-02-01,329,NA
Burglary,Burglary Residential,2019-03-01,307,356
Burglary,Burglary Residential,2019-04-01,345,327
Burglary,Burglary Residential,2019-05-01,440,364
Burglary,Burglary Residential,2019-06-01,402,396
Burglary,Burglary Residential,2019-07-01,444,429
Burglary,Burglary Residential,2019-08-01,402,416
Burglary,Burglary Residential,2019-09-01,440,429
Burglary,Burglary Residential,2019-10-01,444,429
Burglary,Burglary Residential,2019-11-01,397,427
Burglary,Burglary Residential,2019-12-01,398,413
Burglary,Burglary Residential,2020-01-01,359,385
Burglary,Burglary Residential,2020-02-01,305,354
Burglary,Burglary Residential,2020-03-01,302,322
Burglary,Burglary Residential,2020-04-01,252,286
Burglary,Burglary Residential,2020-05-01,312,289
Burglary,Burglary Residential,2020-06-01,286,283
Burglary,Burglary Residential,2020-07-01,281,293
Burglary,Burglary Residential,2020-08-01,296,288
Burglary,Burglary Residential,2020-09-01,311,296
Burglary,Burglary Residential,2020-10-01,332,313
Burglary,Burglary Residential,2020-11-01,300,314
Burglary,Burglary Residential,2020-12-01,303,312
Burglary,Burglary Residential,2021-01-01,304,302
Burglary,Burglary Residential,2021-02-01,209,272
Burglary,Burglary Residential,2021-03-01,277,263
Burglary,Burglary Residential,2021-04-01,255,247
Burglary,Burglary Residential,2021-05-01,272,268
Burglary,Burglary Residential,2021-06-01,305,277
Burglary,Burglary Residential,2021-07-01,320,299
Burglary,Burglary Residential,2021-08-01,313,313
Burglary,Burglary Residential,2021-09-01,356,330
Burglary,Burglary Residential,2021-10-01,435,368
Burglary,Burglary Residential,2021-11-01,332,374
Burglary,Burglary Residential,2021-12-01,359,375
Burglary,Burglary Residential,2022-01-01,277,323
Burglary,Burglary Residential,2022-02-01,265,300
Burglary,Burglary Residential,2022-03-01,328,290
Burglary,Burglary Residential,2022-04-01,308,300
Burglary,Burglary Residential,2022-05-01,320,319
Burglary,Burglary Residential,2022-06-01,359,329
Burglary,Burglary Residential,2022-07-01,352,344
Burglary,Burglary Residential,2022-08-01,350,354
Burglary,Burglary Residential,2022-09-01,323,342
Burglary,Burglary Residential,2022-10-01,274,316
Burglary,Burglary Residential,2022-11-01,314,304
Burglary,Burglary Residential,2022-12-01,252,280
Burglary,Burglary Residential,2023-01-01,289,285
Burglary,Burglary Residential,2023-02-01,242,261
Burglary,Burglary Residential,2023-03-01,319,283
Burglary,Burglary Residential,2023-04-01,303,288
Burglary,Burglary Residential,2023-05-01,310,311
Burglary,Burglary Residential,2023-06-01,337,317
Burglary,Burglary Residential,2023-07-01,365,337
Burglary,Burglary Residential,2023-08-01,352,351
Burglary,Burglary Residential,2023-09-01,297,338
Burglary,Burglary Residential,2023-10-01,74,241
Motor Vehicle Theft,Motor Vehicle Theft,2019-01-01,171,NA
Motor Vehicle Theft,Motor Vehicle Theft,2019-02-01,105,NA
Motor Vehicle Theft,Motor Vehicle Theft,2019-03-01,129,135
Motor Vehicle Theft,Motor Vehicle Theft,2019-04-01,135,123
Motor Vehicle Theft,Motor Vehicle Theft,2019-05-01,140,135
Motor Vehicle Theft,Motor Vehicle Theft,2019-06-01,142,139
Motor Vehicle Theft,Motor Vehicle Theft,2019-07-01,142,141
Motor Vehicle Theft,Motor Vehicle Theft,2019-08-01,155,146
Motor Vehicle Theft,Motor Vehicle Theft,2019-09-01,146,148
Motor Vehicle Theft,Motor Vehicle Theft,2019-10-01,188,163
Motor Vehicle Theft,Motor Vehicle Theft,2019-11-01,191,175
Motor Vehicle Theft,Motor Vehicle Theft,2019-12-01,152,177
Motor Vehicle Theft,Motor Vehicle Theft,2020-01-01,208,184
Motor Vehicle Theft,Motor Vehicle Theft,2020-02-01,139,166
Motor Vehicle Theft,Motor Vehicle Theft,2020-03-01,163,170
Motor Vehicle Theft,Motor Vehicle Theft,2020-04-01,164,155
Motor Vehicle Theft,Motor Vehicle Theft,2020-05-01,179,169
Motor Vehicle Theft,Motor Vehicle Theft,2020-06-01,184,176
Motor Vehicle Theft,Motor Vehicle Theft,2020-07-01,165,176
Motor Vehicle Theft,Motor Vehicle Theft,2020-08-01,231,193
Motor Vehicle Theft,Motor Vehicle Theft,2020-09-01,236,211
Motor Vehicle Theft,Motor Vehicle Theft,2020-10-01,264,244
Motor Vehicle Theft,Motor Vehicle Theft,2020-11-01,298,266
Motor Vehicle Theft,Motor Vehicle Theft,2020-12-01,308,290
Motor Vehicle Theft,Motor Vehicle Theft,2021-01-01,318,308
Motor Vehicle Theft,Motor Vehicle Theft,2021-02-01,208,278
Motor Vehicle Theft,Motor Vehicle Theft,2021-03-01,314,280
Motor Vehicle Theft,Motor Vehicle Theft,2021-04-01,623,382
Motor Vehicle Theft,Motor Vehicle Theft,2021-05-01,615,517
Motor Vehicle Theft,Motor Vehicle Theft,2021-06-01,654,631
Motor Vehicle Theft,Motor Vehicle Theft,2021-07-01,736,668
Motor Vehicle Theft,Motor Vehicle Theft,2021-08-01,785,725
Motor Vehicle Theft,Motor Vehicle Theft,2021-09-01,860,794
Motor Vehicle Theft,Motor Vehicle Theft,2021-10-01,947,864
Motor Vehicle Theft,Motor Vehicle Theft,2021-11-01,862,890
Motor Vehicle Theft,Motor Vehicle Theft,2021-12-01,863,891
Motor Vehicle Theft,Motor Vehicle Theft,2022-01-01,907,877
Motor Vehicle Theft,Motor Vehicle Theft,2022-02-01,831,867
Motor Vehicle Theft,Motor Vehicle Theft,2022-03-01,808,849
Motor Vehicle Theft,Motor Vehicle Theft,2022-04-01,770,803
Motor Vehicle Theft,Motor Vehicle Theft,2022-05-01,809,796
Motor Vehicle Theft,Motor Vehicle Theft,2022-06-01,831,803
Motor Vehicle Theft,Motor Vehicle Theft,2022-07-01,922,854
Motor Vehicle Theft,Motor Vehicle Theft,2022-08-01,994,916
Motor Vehicle Theft,Motor Vehicle Theft,2022-09-01,982,966
Motor Vehicle Theft,Motor Vehicle Theft,2022-10-01,1052,1009
Motor Vehicle Theft,Motor Vehicle Theft,2022-11-01,1259,1098
Motor Vehicle Theft,Motor Vehicle Theft,2022-12-01,1653,1321
Motor Vehicle Theft,Motor Vehicle Theft,2023-01-01,1756,1556
Motor Vehicle Theft,Motor Vehicle Theft,2023-02-01,1674,1694
Motor Vehicle Theft,Motor Vehicle Theft,2023-03-01,1665,1698
Motor Vehicle Theft,Motor Vehicle Theft,2023-04-01,1834,1724
Motor Vehicle Theft,Motor Vehicle Theft,2023-05-01,2091,1863
Motor Vehicle Theft,Motor Vehicle Theft,2023-06-01,2299,2075
Motor Vehicle Theft,Motor Vehicle Theft,2023-07-01,2603,2331
Motor Vehicle Theft,Motor Vehicle Theft,2023-08-01,2432,2445
Motor Vehicle Theft,Motor Vehicle Theft,2023-09-01,1721,2252
Motor Vehicle Theft,Motor Vehicle Theft,2023-10-01,375,1509
Murder,Homicide - Criminal,2019-01-01,26,NA
Murder,Homicide - Criminal,2019-02-01,21,NA
Murder,Homicide - Criminal,2019-03-01,32,26
Murder,Homicide - Criminal,2019-04-01,24,26
Murder,Homicide - Criminal,2019-05-01,29,28
Murder,Homicide - Criminal,2019-06-01,31,28
Murder,Homicide - Criminal,2019-07-01,25,28
Murder,Homicide - Criminal,2019-08-01,41,32
Murder,Homicide - Criminal,2019-09-01,26,31
Murder,Homicide - Criminal,2019-10-01,35,34
Murder,Homicide - Criminal,2019-11-01,35,32
Murder,Homicide - Criminal,2019-12-01,30,33
Murder,Homicide - Criminal,2020-01-01,39,35
Murder,Homicide - Criminal,2020-02-01,22,30
Murder,Homicide - Criminal,2020-03-01,36,32
Murder,Homicide - Criminal,2020-04-01,29,29
Murder,Homicide - Criminal,2020-05-01,33,33
Murder,Homicide - Criminal,2020-06-01,44,35
Murder,Homicide - Criminal,2020-07-01,48,42
Murder,Homicide - Criminal,2020-08-01,52,48
Murder,Homicide - Criminal,2020-09-01,46,49
Murder,Homicide - Criminal,2020-10-01,66,55
Murder,Homicide - Criminal,2020-11-01,40,51
Murder,Homicide - Criminal,2020-12-01,45,50
Murder,Homicide - Criminal,2021-01-01,50,45
Murder,Homicide - Criminal,2021-02-01,27,41
Murder,Homicide - Criminal,2021-03-01,43,40
Murder,Homicide - Criminal,2021-04-01,51,40
Murder,Homicide - Criminal,2021-05-01,44,46
Murder,Homicide - Criminal,2021-06-01,56,50
Murder,Homicide - Criminal,2021-07-01,48,49
Murder,Homicide - Criminal,2021-08-01,37,47
Murder,Homicide - Criminal,2021-09-01,55,47
Murder,Homicide - Criminal,2021-10-01,46,46
Murder,Homicide - Criminal,2021-11-01,52,51
Murder,Homicide - Criminal,2021-12-01,52,50
Murder,Homicide - Criminal,2022-01-01,40,48
Murder,Homicide - Criminal,2022-02-01,35,42
Murder,Homicide - Criminal,2022-03-01,35,37
Murder,Homicide - Criminal,2022-04-01,31,34
Murder,Homicide - Criminal,2022-05-01,50,39
Murder,Homicide - Criminal,2022-06-01,43,41
Murder,Homicide - Criminal,2022-07-01,55,49
Murder,Homicide - Criminal,2022-08-01,46,48
Murder,Homicide - Criminal,2022-09-01,38,46
Murder,Homicide - Criminal,2022-10-01,38,41
Murder,Homicide - Criminal,2022-11-01,25,34
Murder,Homicide - Criminal,2022-12-01,43,35
Murder,Homicide - Criminal,2023-01-01,27,32
Murder,Homicide - Criminal,2023-02-01,32,34
Murder,Homicide - Criminal,2023-03-01,34,31
Murder,Homicide - Criminal,2023-04-01,27,31
Murder,Homicide - Criminal,2023-05-01,37,33
Murder,Homicide - Criminal,2023-06-01,27,30
Murder,Homicide - Criminal,2023-07-01,27,30
Murder,Homicide - Criminal,2023-08-01,34,29
Murder,Homicide - Criminal,2023-09-01,33,31
Murder,Homicide - Criminal,2023-10-01,4,24
Murder,Homicide - Gross Negligence,2023-02-01,1,NA
Murder,Homicide - Justifiable,2021-08-01,1,NA
Murder,Homicide - Justifiable,2022-11-01,1,NA
Murder,Homicide - Justifiable,2023-02-01,1,1
Other,All Other Offenses,2019-01-01,1735,NA
Other,All Other Offenses,2019-02-01,1529,NA
Other,All Other Offenses,2019-03-01,2082,1782
Other,All Other Offenses,2019-04-01,2406,2006
Other,All Other Offenses,2019-05-01,3119,2536
Other,All Other Offenses,2019-06-01,3462,2996
Other,All Other Offenses,2019-07-01,3626,3402
Other,All Other Offenses,2019-08-01,3623,3570
Other,All Other Offenses,2019-09-01,3070,3440
Other,All Other Offenses,2019-10-01,2587,3093
Other,All Other Offenses,2019-11-01,1885,2514
Other,All Other Offenses,2019-12-01,1709,2060
Other,All Other Offenses,2020-01-01,2008,1867
Other,All Other Offenses,2020-02-01,1988,1902
Other,All Other Offenses,2020-03-01,1792,1929
Other,All Other Offenses,2020-04-01,1093,1624
Other,All Other Offenses,2020-05-01,1740,1542
Other,All Other Offenses,2020-06-01,1076,1303
Other,All Other Offenses,2020-07-01,1076,1297
Other,All Other Offenses,2020-08-01,1074,1075
Other,All Other Offenses,2020-09-01,1148,1099
Other,All Other Offenses,2020-10-01,1190,1137
Other,All Other Offenses,2020-11-01,842,1060
Other,All Other Offenses,2020-12-01,951,994
Other,All Other Offenses,2021-01-01,987,927
Other,All Other Offenses,2021-02-01,944,961
Other,All Other Offenses,2021-03-01,1188,1040
Other,All Other Offenses,2021-04-01,908,1013
Other,All Other Offenses,2021-05-01,952,1016
Other,All Other Offenses,2021-06-01,941,934
Other,All Other Offenses,2021-07-01,850,914
Other,All Other Offenses,2021-08-01,832,874
Other,All Other Offenses,2021-09-01,829,837
Other,All Other Offenses,2021-10-01,949,870
Other,All Other Offenses,2021-11-01,821,866
Other,All Other Offenses,2021-12-01,753,841
Other,All Other Offenses,2022-01-01,715,763
Other,All Other Offenses,2022-02-01,869,779
Other,All Other Offenses,2022-03-01,1024,869
Other,All Other Offenses,2022-04-01,1055,983
Other,All Other Offenses,2022-05-01,1081,1053
Other,All Other Offenses,2022-06-01,1068,1068
Other,All Other Offenses,2022-07-01,1132,1094
Other,All Other Offenses,2022-08-01,1135,1112
Other,All Other Offenses,2022-09-01,1023,1097
Other,All Other Offenses,2022-10-01,983,1047
Other,All Other Offenses,2022-11-01,952,986
Other,All Other Offenses,2022-12-01,920,952
Other,All Other Offenses,2023-01-01,953,942
Other,All Other Offenses,2023-02-01,959,944
Other,All Other Offenses,2023-03-01,1279,1064
Other,All Other Offenses,2023-04-01,1220,1153
Other,All Other Offenses,2023-05-01,1285,1261
Other,All Other Offenses,2023-06-01,1338,1281
Other,All Other Offenses,2023-07-01,1195,1273
Other,All Other Offenses,2023-08-01,1124,1219
Other,All Other Offenses,2023-09-01,1084,1134
Other,All Other Offenses,2023-10-01,309,839
Other,Arson,2019-01-01,48,NA
Other,Arson,2019-02-01,28,NA
Other,Arson,2019-03-01,35,37
Other,Arson,2019-04-01,44,36
Other,Arson,2019-05-01,33,37
Other,Arson,2019-06-01,38,38
Other,Arson,2019-07-01,32,34
Other,Arson,2019-08-01,41,37
Other,Arson,2019-09-01,31,35
Other,Arson,2019-10-01,26,33
Other,Arson,2019-11-01,46,34
Other,Arson,2019-12-01,37,36
Other,Arson,2020-01-01,34,39
Other,Arson,2020-02-01,25,32
Other,Arson,2020-03-01,35,31
Other,Arson,2020-04-01,33,31
Other,Arson,2020-05-01,57,42
Other,Arson,2020-06-01,73,54
Other,Arson,2020-07-01,45,58
Other,Arson,2020-08-01,51,56
Other,Arson,2020-09-01,51,49
Other,Arson,2020-10-01,55,52
Other,Arson,2020-11-01,58,55
Other,Arson,2020-12-01,38,50
Other,Arson,2021-01-01,44,47
Other,Arson,2021-02-01,47,43
Other,Arson,2021-03-01,56,49
Other,Arson,2021-04-01,58,54
Other,Arson,2021-05-01,67,60
Other,Arson,2021-06-01,47,57
Other,Arson,2021-07-01,51,55
Other,Arson,2021-08-01,66,55
Other,Arson,2021-09-01,47,55
Other,Arson,2021-10-01,59,57
Other,Arson,2021-11-01,43,50
Other,Arson,2021-12-01,43,48
Other,Arson,2022-01-01,39,42
Other,Arson,2022-02-01,42,41
Other,Arson,2022-03-01,30,37
Other,Arson,2022-04-01,39,37
Other,Arson,2022-05-01,43,37
Other,Arson,2022-06-01,40,41
Other,Arson,2022-07-01,42,42
Other,Arson,2022-08-01,61,48
Other,Arson,2022-09-01,59,54
Other,Arson,2022-10-01,33,51
Other,Arson,2022-11-01,54,49
Other,Arson,2022-12-01,44,44
Other,Arson,2023-01-01,45,48
Other,Arson,2023-02-01,40,43
Other,Arson,2023-03-01,50,45
Other,Arson,2023-04-01,46,45
Other,Arson,2023-05-01,60,52
Other,Arson,2023-06-01,58,55
Other,Arson,2023-07-01,69,62
Other,Arson,2023-08-01,66,64
Other,Arson,2023-09-01,62,66
Other,Arson,2023-10-01,14,47
Other,DRIVING UNDER THE INFLUENCE,2019-01-01,214,NA
Other,DRIVING UNDER THE INFLUENCE,2019-02-01,229,NA
Other,DRIVING UNDER THE INFLUENCE,2019-03-01,231,225
Other,DRIVING UNDER THE INFLUENCE,2019-04-01,206,222
Other,DRIVING UNDER THE INFLUENCE,2019-05-01,195,211
Other,DRIVING UNDER THE INFLUENCE,2019-06-01,180,194
Other,DRIVING UNDER THE INFLUENCE,2019-07-01,184,186
Other,DRIVING UNDER THE INFLUENCE,2019-08-01,183,182
Other,DRIVING UNDER THE INFLUENCE,2019-09-01,172,180
Other,DRIVING UNDER THE INFLUENCE,2019-10-01,171,175
Other,DRIVING UNDER THE INFLUENCE,2019-11-01,190,178
Other,DRIVING UNDER THE INFLUENCE,2019-12-01,199,187
Other,DRIVING UNDER THE INFLUENCE,2020-01-01,143,177
Other,DRIVING UNDER THE INFLUENCE,2020-02-01,179,174
Other,DRIVING UNDER THE INFLUENCE,2020-03-01,127,150
Other,DRIVING UNDER THE INFLUENCE,2020-04-01,76,127
Other,DRIVING UNDER THE INFLUENCE,2020-05-01,134,112
Other,DRIVING UNDER THE INFLUENCE,2020-06-01,113,108
Other,DRIVING UNDER THE INFLUENCE,2020-07-01,170,139
Other,DRIVING UNDER THE INFLUENCE,2020-08-01,184,156
Other,DRIVING UNDER THE INFLUENCE,2020-09-01,171,175
Other,DRIVING UNDER THE INFLUENCE,2020-10-01,117,157
Other,DRIVING UNDER THE INFLUENCE,2020-11-01,106,131
Other,DRIVING UNDER THE INFLUENCE,2020-12-01,99,107
Other,DRIVING UNDER THE INFLUENCE,2021-01-01,138,114
Other,DRIVING UNDER THE INFLUENCE,2021-02-01,156,131
Other,DRIVING UNDER THE INFLUENCE,2021-03-01,163,152
Other,DRIVING UNDER THE INFLUENCE,2021-04-01,124,148
Other,DRIVING UNDER THE INFLUENCE,2021-05-01,173,153
Other,DRIVING UNDER THE INFLUENCE,2021-06-01,169,155
Other,DRIVING UNDER THE INFLUENCE,2021-07-01,130,157
Other,DRIVING UNDER THE INFLUENCE,2021-08-01,122,140
Other,DRIVING UNDER THE INFLUENCE,2021-09-01,139,130
Other,DRIVING UNDER THE INFLUENCE,2021-10-01,83,115
Other,DRIVING UNDER THE INFLUENCE,2021-11-01,91,104
Other,DRIVING UNDER THE INFLUENCE,2021-12-01,70,81
Other,DRIVING UNDER THE INFLUENCE,2022-01-01,49,70
Other,DRIVING UNDER THE INFLUENCE,2022-02-01,72,64
Other,DRIVING UNDER THE INFLUENCE,2022-03-01,80,67
Other,DRIVING UNDER THE INFLUENCE,2022-04-01,77,76
Other,DRIVING UNDER THE INFLUENCE,2022-05-01,118,92
Other,DRIVING UNDER THE INFLUENCE,2022-06-01,83,93
Other,DRIVING UNDER THE INFLUENCE,2022-07-01,88,96
Other,DRIVING UNDER THE INFLUENCE,2022-08-01,78,83
Other,DRIVING UNDER THE INFLUENCE,2022-09-01,89,85
Other,DRIVING UNDER THE INFLUENCE,2022-10-01,63,77
Other,DRIVING UNDER THE INFLUENCE,2022-11-01,57,70
Other,DRIVING UNDER THE INFLUENCE,2022-12-01,58,59
Other,DRIVING UNDER THE INFLUENCE,2023-01-01,55,57
Other,DRIVING UNDER THE INFLUENCE,2023-02-01,61,58
Other,DRIVING UNDER THE INFLUENCE,2023-03-01,67,61
Other,DRIVING UNDER THE INFLUENCE,2023-04-01,66,65
Other,DRIVING UNDER THE INFLUENCE,2023-05-01,109,81
Other,DRIVING UNDER THE INFLUENCE,2023-06-01,94,90
Other,DRIVING UNDER THE INFLUENCE,2023-07-01,69,91
Other,DRIVING UNDER THE INFLUENCE,2023-08-01,67,77
Other,DRIVING UNDER THE INFLUENCE,2023-09-01,104,80
Other,DRIVING UNDER THE INFLUENCE,2023-10-01,16,62
Other,Disorderly Conduct,2019-01-01,40,NA
Other,Disorderly Conduct,2019-02-01,45,NA
Other,Disorderly Conduct,2019-03-01,34,40
Other,Disorderly Conduct,2019-04-01,65,48
Other,Disorderly Conduct,2019-05-01,68,56
Other,Disorderly Conduct,2019-06-01,53,62
Other,Disorderly Conduct,2019-07-01,86,69
Other,Disorderly Conduct,2019-08-01,125,88
Other,Disorderly Conduct,2019-09-01,111,107
Other,Disorderly Conduct,2019-10-01,92,109
Other,Disorderly Conduct,2019-11-01,130,111
Other,Disorderly Conduct,2019-12-01,92,105
Other,Disorderly Conduct,2020-01-01,76,99
Other,Disorderly Conduct,2020-02-01,160,109
Other,Disorderly Conduct,2020-03-01,100,112
Other,Disorderly Conduct,2020-04-01,48,103
Other,Disorderly Conduct,2020-05-01,135,94
Other,Disorderly Conduct,2020-06-01,69,84
Other,Disorderly Conduct,2020-07-01,21,75
Other,Disorderly Conduct,2020-08-01,34,41
Other,Disorderly Conduct,2020-09-01,21,25
Other,Disorderly Conduct,2020-10-01,28,28
Other,Disorderly Conduct,2020-11-01,15,21
Other,Disorderly Conduct,2020-12-01,22,22
Other,Disorderly Conduct,2021-01-01,13,17
Other,Disorderly Conduct,2021-02-01,34,23
Other,Disorderly Conduct,2021-03-01,34,27
Other,Disorderly Conduct,2021-04-01,37,35
Other,Disorderly Conduct,2021-05-01,40,37
Other,Disorderly Conduct,2021-06-01,33,37
Other,Disorderly Conduct,2021-07-01,40,38
Other,Disorderly Conduct,2021-08-01,33,35
Other,Disorderly Conduct,2021-09-01,46,40
Other,Disorderly Conduct,2021-10-01,47,42
Other,Disorderly Conduct,2021-11-01,24,39
Other,Disorderly Conduct,2021-12-01,26,32
Other,Disorderly Conduct,2022-01-01,26,25
Other,Disorderly Conduct,2022-02-01,33,28
Other,Disorderly Conduct,2022-03-01,20,26
Other,Disorderly Conduct,2022-04-01,23,25
Other,Disorderly Conduct,2022-05-01,24,22
Other,Disorderly Conduct,2022-06-01,18,22
Other,Disorderly Conduct,2022-07-01,23,22
Other,Disorderly Conduct,2022-08-01,38,26
Other,Disorderly Conduct,2022-09-01,44,35
Other,Disorderly Conduct,2022-10-01,29,37
Other,Disorderly Conduct,2022-11-01,17,30
Other,Disorderly Conduct,2022-12-01,21,22
Other,Disorderly Conduct,2023-01-01,27,22
Other,Disorderly Conduct,2023-02-01,40,29
Other,Disorderly Conduct,2023-03-01,36,34
Other,Disorderly Conduct,2023-04-01,44,40
Other,Disorderly Conduct,2023-05-01,25,35
Other,Disorderly Conduct,2023-06-01,31,33
Other,Disorderly Conduct,2023-07-01,35,30
Other,Disorderly Conduct,2023-08-01,40,35
Other,Disorderly Conduct,2023-09-01,41,39
Other,Disorderly Conduct,2023-10-01,3,28
Other,Embezzlement,2019-01-01,46,NA
Other,Embezzlement,2019-02-01,37,NA
Other,Embezzlement,2019-03-01,24,36
Other,Embezzlement,2019-04-01,33,31
Other,Embezzlement,2019-05-01,26,28
Other,Embezzlement,2019-06-01,27,29
Other,Embezzlement,2019-07-01,38,30
Other,Embezzlement,2019-08-01,44,36
Other,Embezzlement,2019-09-01,31,38
Other,Embezzlement,2019-10-01,25,33
Other,Embezzlement,2019-11-01,38,31
Other,Embezzlement,2019-12-01,39,34
Other,Embezzlement,2020-01-01,36,38
Other,Embezzlement,2020-02-01,28,34
Other,Embezzlement,2020-03-01,26,30
Other,Embezzlement,2020-04-01,12,22
Other,Embezzlement,2020-05-01,16,18
Other,Embezzlement,2020-06-01,9,12
Other,Embezzlement,2020-07-01,9,11
Other,Embezzlement,2020-08-01,16,11
Other,Embezzlement,2020-09-01,19,15
Other,Embezzlement,2020-10-01,18,18
Other,Embezzlement,2020-11-01,13,17
Other,Embezzlement,2020-12-01,9,13
Other,Embezzlement,2021-01-01,10,11
Other,Embezzlement,2021-02-01,3,7
Other,Embezzlement,2021-03-01,15,9
Other,Embezzlement,2021-04-01,11,10
Other,Embezzlement,2021-05-01,9,12
Other,Embezzlement,2021-06-01,16,12
Other,Embezzlement,2021-07-01,7,11
Other,Embezzlement,2021-08-01,13,12
Other,Embezzlement,2021-09-01,10,10
Other,Embezzlement,2021-10-01,13,12
Other,Embezzlement,2021-11-01,13,12
Other,Embezzlement,2021-12-01,13,13
Other,Embezzlement,2022-01-01,16,14
Other,Embezzlement,2022-02-01,19,16
Other,Embezzlement,2022-03-01,21,19
Other,Embezzlement,2022-04-01,32,24
Other,Embezzlement,2022-05-01,20,24
Other,Embezzlement,2022-06-01,13,22
Other,Embezzlement,2022-07-01,11,15
Other,Embezzlement,2022-08-01,23,16
Other,Embezzlement,2022-09-01,32,22
Other,Embezzlement,2022-10-01,14,23
Other,Embezzlement,2022-11-01,16,21
Other,Embezzlement,2022-12-01,20,17
Other,Embezzlement,2023-01-01,20,19
Other,Embezzlement,2023-02-01,13,18
Other,Embezzlement,2023-03-01,17,17
Other,Embezzlement,2023-04-01,23,18
Other,Embezzlement,2023-05-01,27,22
Other,Embezzlement,2023-06-01,22,24
Other,Embezzlement,2023-07-01,20,23
Other,Embezzlement,2023-08-01,17,20
Other,Embezzlement,2023-09-01,16,18
Other,Embezzlement,2023-10-01,9,14
Other,Forgery and Counterfeiting,2019-01-01,20,NA
Other,Forgery and Counterfeiting,2019-02-01,25,NA
Other,Forgery and Counterfeiting,2019-03-01,19,21
Other,Forgery and Counterfeiting,2019-04-01,13,19
Other,Forgery and Counterfeiting,2019-05-01,24,19
Other,Forgery and Counterfeiting,2019-06-01,14,17
Other,Forgery and Counterfeiting,2019-07-01,23,20
Other,Forgery and Counterfeiting,2019-08-01,12,16
Other,Forgery and Counterfeiting,2019-09-01,22,19
Other,Forgery and Counterfeiting,2019-10-01,26,20
Other,Forgery and Counterfeiting,2019-11-01,20,23
Other,Forgery and Counterfeiting,2019-12-01,20,22
Other,Forgery and Counterfeiting,2020-01-01,21,20
Other,Forgery and Counterfeiting,2020-02-01,19,20
Other,Forgery and Counterfeiting,2020-03-01,18,19
Other,Forgery and Counterfeiting,2020-04-01,16,18
Other,Forgery and Counterfeiting,2020-05-01,4,13
Other,Forgery and Counterfeiting,2020-06-01,9,10
Other,Forgery and Counterfeiting,2020-07-01,7,7
Other,Forgery and Counterfeiting,2020-08-01,6,7
Other,Forgery and Counterfeiting,2020-09-01,7,7
Other,Forgery and Counterfeiting,2020-10-01,11,8
Other,Forgery and Counterfeiting,2020-11-01,13,10
Other,Forgery and Counterfeiting,2020-12-01,18,14
Other,Forgery and Counterfeiting,2021-01-01,18,16
Other,Forgery and Counterfeiting,2021-02-01,5,14
Other,Forgery and Counterfeiting,2021-03-01,7,10
Other,Forgery and Counterfeiting,2021-04-01,28,13
Other,Forgery and Counterfeiting,2021-05-01,12,16
Other,Forgery and Counterfeiting,2021-06-01,12,17
Other,Forgery and Counterfeiting,2021-07-01,20,15
Other,Forgery and Counterfeiting,2021-08-01,16,16
Other,Forgery and Counterfeiting,2021-09-01,17,18
Other,Forgery and Counterfeiting,2021-10-01,23,19
Other,Forgery and Counterfeiting,2021-11-01,19,20
Other,Forgery and Counterfeiting,2021-12-01,28,23
Other,Forgery and Counterfeiting,2022-01-01,34,27
Other,Forgery and Counterfeiting,2022-02-01,43,35
Other,Forgery and Counterfeiting,2022-03-01,43,40
Other,Forgery and Counterfeiting,2022-04-01,31,39
Other,Forgery and Counterfeiting,2022-05-01,29,34
Other,Forgery and Counterfeiting,2022-06-01,49,36
Other,Forgery and Counterfeiting,2022-07-01,45,41
Other,Forgery and Counterfeiting,2022-08-01,49,48
Other,Forgery and Counterfeiting,2022-09-01,42,45
Other,Forgery and Counterfeiting,2022-10-01,37,43
Other,Forgery and Counterfeiting,2022-11-01,26,35
Other,Forgery and Counterfeiting,2022-12-01,32,32
Other,Forgery and Counterfeiting,2023-01-01,30,29
Other,Forgery and Counterfeiting,2023-02-01,24,29
Other,Forgery and Counterfeiting,2023-03-01,35,30
Other,Forgery and Counterfeiting,2023-04-01,27,29
Other,Forgery and Counterfeiting,2023-05-01,28,30
Other,Forgery and Counterfeiting,2023-06-01,25,27
Other,Forgery and Counterfeiting,2023-07-01,23,25
Other,Forgery and Counterfeiting,2023-08-01,17,22
Other,Forgery and Counterfeiting,2023-09-01,11,17
Other,Forgery and Counterfeiting,2023-10-01,3,10
Other,Fraud,2019-01-01,1082,NA
Other,Fraud,2019-02-01,910,NA
Other,Fraud,2019-03-01,893,962
Other,Fraud,2019-04-01,900,901
Other,Fraud,2019-05-01,776,856
Other,Fraud,2019-06-01,671,782
Other,Fraud,2019-07-01,822,756
Other,Fraud,2019-08-01,838,777
Other,Fraud,2019-09-01,754,805
Other,Fraud,2019-10-01,772,788
Other,Fraud,2019-11-01,660,729
Other,Fraud,2019-12-01,701,711
Other,Fraud,2020-01-01,748,703
Other,Fraud,2020-02-01,765,738
Other,Fraud,2020-03-01,685,733
Other,Fraud,2020-04-01,537,662
Other,Fraud,2020-05-01,617,613
Other,Fraud,2020-06-01,657,604
Other,Fraud,2020-07-01,842,705
Other,Fraud,2020-08-01,812,770
Other,Fraud,2020-09-01,808,821
Other,Fraud,2020-10-01,806,809
Other,Fraud,2020-11-01,706,773
Other,Fraud,2020-12-01,729,747
Other,Fraud,2021-01-01,809,748
Other,Fraud,2021-02-01,821,786
Other,Fraud,2021-03-01,883,838
Other,Fraud,2021-04-01,623,776
Other,Fraud,2021-05-01,602,703
Other,Fraud,2021-06-01,718,648
Other,Fraud,2021-07-01,1026,782
Other,Fraud,2021-08-01,734,826
Other,Fraud,2021-09-01,678,813
Other,Fraud,2021-10-01,649,687
Other,Fraud,2021-11-01,608,645
Other,Fraud,2021-12-01,645,634
Other,Fraud,2022-01-01,502,585
Other,Fraud,2022-02-01,552,566
Other,Fraud,2022-03-01,550,535
Other,Fraud,2022-04-01,615,572
Other,Fraud,2022-05-01,573,579
Other,Fraud,2022-06-01,619,602
Other,Fraud,2022-07-01,655,616
Other,Fraud,2022-08-01,654,643
Other,Fraud,2022-09-01,640,650
Other,Fraud,2022-10-01,514,603
Other,Fraud,2022-11-01,476,543
Other,Fraud,2022-12-01,572,521
Other,Fraud,2023-01-01,614,554
Other,Fraud,2023-02-01,507,564
Other,Fraud,2023-03-01,663,595
Other,Fraud,2023-04-01,623,598
Other,Fraud,2023-05-01,646,644
Other,Fraud,2023-06-01,670,646
Other,Fraud,2023-07-01,682,666
Other,Fraud,2023-08-01,703,685
Other,Fraud,2023-09-01,638,674
Other,Fraud,2023-10-01,162,501
Other,Gambling Violations,2019-02-01,2,NA
Other,Gambling Violations,2019-03-01,1,NA
Other,Gambling Violations,2019-04-01,24,9
Other,Gambling Violations,2019-05-01,21,15
Other,Gambling Violations,2019-06-01,22,22
Other,Gambling Violations,2019-08-01,1,15
Other,Gambling Violations,2019-09-01,1,8
Other,Gambling Violations,2019-11-01,3,2
Other,Gambling Violations,2020-01-01,1,2
Other,Gambling Violations,2020-02-01,1,2
Other,Gambling Violations,2020-05-01,4,2
Other,Gambling Violations,2020-07-01,1,2
Other,Gambling Violations,2020-08-01,1,2
Other,Gambling Violations,2020-09-01,1,1
Other,Gambling Violations,2020-10-01,1,1
Other,Gambling Violations,2021-03-01,1,1
Other,Gambling Violations,2021-04-01,4,2
Other,Gambling Violations,2021-05-01,6,4
Other,Gambling Violations,2021-12-01,1,4
Other,Gambling Violations,2022-04-01,1,3
Other,Gambling Violations,2023-01-01,1,1
Other,Gambling Violations,2023-05-01,1,1
Other,Liquor Law Violations,2019-01-01,5,NA
Other,Liquor Law Violations,2019-02-01,7,NA
Other,Liquor Law Violations,2019-03-01,7,6
Other,Liquor Law Violations,2019-04-01,12,9
Other,Liquor Law Violations,2019-05-01,26,15
Other,Liquor Law Violations,2019-06-01,11,16
Other,Liquor Law Violations,2019-07-01,9,15
Other,Liquor Law Violations,2019-08-01,10,10
Other,Liquor Law Violations,2019-09-01,7,9
Other,Liquor Law Violations,2019-10-01,12,10
Other,Liquor Law Violations,2019-11-01,10,10
Other,Liquor Law Violations,2019-12-01,5,9
Other,Liquor Law Violations,2020-01-01,16,10
Other,Liquor Law Violations,2020-02-01,20,14
Other,Liquor Law Violations,2020-03-01,8,15
Other,Liquor Law Violations,2020-05-01,5,11
Other,Liquor Law Violations,2020-06-01,4,6
Other,Liquor Law Violations,2020-07-01,10,6
Other,Liquor Law Violations,2020-08-01,1,5
Other,Liquor Law Violations,2020-10-01,7,6
Other,Liquor Law Violations,2020-11-01,1,3
Other,Liquor Law Violations,2021-01-01,2,3
Other,Liquor Law Violations,2021-02-01,6,3
Other,Liquor Law Violations,2021-03-01,5,4
Other,Liquor Law Violations,2021-04-01,15,9
Other,Liquor Law Violations,2021-05-01,15,12
Other,Liquor Law Violations,2021-06-01,11,14
Other,Liquor Law Violations,2021-07-01,7,11
Other,Liquor Law Violations,2021-08-01,13,10
Other,Liquor Law Violations,2021-09-01,5,8
Other,Liquor Law Violations,2021-10-01,5,8
Other,Liquor Law Violations,2021-11-01,5,5
Other,Liquor Law Violations,2021-12-01,3,4
Other,Liquor Law Violations,2022-01-01,5,4
Other,Liquor Law Violations,2022-02-01,7,5
Other,Liquor Law Violations,2022-03-01,1,4
Other,Liquor Law Violations,2022-04-01,9,6
Other,Liquor Law Violations,2022-05-01,5,5
Other,Liquor Law Violations,2022-06-01,2,5
Other,Liquor Law Violations,2022-07-01,5,4
Other,Liquor Law Violations,2022-08-01,2,3
Other,Liquor Law Violations,2022-09-01,7,5
Other,Liquor Law Violations,2022-10-01,6,5
Other,Liquor Law Violations,2022-11-01,6,6
Other,Liquor Law Violations,2022-12-01,8,7
Other,Liquor Law Violations,2023-01-01,15,10
Other,Liquor Law Violations,2023-02-01,5,9
Other,Liquor Law Violations,2023-03-01,5,8
Other,Liquor Law Violations,2023-04-01,8,6
Other,Liquor Law Violations,2023-05-01,6,6
Other,Liquor Law Violations,2023-06-01,4,6
Other,Liquor Law Violations,2023-07-01,3,4
Other,Liquor Law Violations,2023-08-01,10,6
Other,Liquor Law Violations,2023-09-01,3,5
Other,Narcotic / Drug Law Violations,2019-01-01,838,NA
Other,Narcotic / Drug Law Violations,2019-02-01,745,NA
Other,Narcotic / Drug Law Violations,2019-03-01,918,834
Other,Narcotic / Drug Law Violations,2019-04-01,867,843
Other,Narcotic / Drug Law Violations,2019-05-01,912,899
Other,Narcotic / Drug Law Violations,2019-06-01,969,916
Other,Narcotic / Drug Law Violations,2019-07-01,986,956
Other,Narcotic / Drug Law Violations,2019-08-01,886,947
Other,Narcotic / Drug Law Violations,2019-09-01,930,934
Other,Narcotic / Drug Law Violations,2019-10-01,867,894
Other,Narcotic / Drug Law Violations,2019-11-01,757,851
Other,Narcotic / Drug Law Violations,2019-12-01,709,778
Other,Narcotic / Drug Law Violations,2020-01-01,863,776
Other,Narcotic / Drug Law Violations,2020-02-01,965,846
Other,Narcotic / Drug Law Violations,2020-03-01,654,827
Other,Narcotic / Drug Law Violations,2020-04-01,331,650
Other,Narcotic / Drug Law Violations,2020-05-01,1016,667
Other,Narcotic / Drug Law Violations,2020-06-01,171,506
Other,Narcotic / Drug Law Violations,2020-07-01,351,513
Other,Narcotic / Drug Law Violations,2020-08-01,383,302
Other,Narcotic / Drug Law Violations,2020-09-01,508,414
Other,Narcotic / Drug Law Violations,2020-10-01,542,478
Other,Narcotic / Drug Law Violations,2020-11-01,283,444
Other,Narcotic / Drug Law Violations,2020-12-01,380,402
Other,Narcotic / Drug Law Violations,2021-01-01,383,349
Other,Narcotic / Drug Law Violations,2021-02-01,373,379
Other,Narcotic / Drug Law Violations,2021-03-01,455,404
Other,Narcotic / Drug Law Violations,2021-04-01,330,386
Other,Narcotic / Drug Law Violations,2021-05-01,368,384
Other,Narcotic / Drug Law Violations,2021-06-01,309,336
Other,Narcotic / Drug Law Violations,2021-07-01,347,341
Other,Narcotic / Drug Law Violations,2021-08-01,279,312
Other,Narcotic / Drug Law Violations,2021-09-01,272,299
Other,Narcotic / Drug Law Violations,2021-10-01,298,283
Other,Narcotic / Drug Law Violations,2021-11-01,256,275
Other,Narcotic / Drug Law Violations,2021-12-01,187,247
Other,Narcotic / Drug Law Violations,2022-01-01,201,215
Other,Narcotic / Drug Law Violations,2022-02-01,250,213
Other,Narcotic / Drug Law Violations,2022-03-01,307,253
Other,Narcotic / Drug Law Violations,2022-04-01,280,279
Other,Narcotic / Drug Law Violations,2022-05-01,249,279
Other,Narcotic / Drug Law Violations,2022-06-01,235,255
Other,Narcotic / Drug Law Violations,2022-07-01,225,236
Other,Narcotic / Drug Law Violations,2022-08-01,248,236
Other,Narcotic / Drug Law Violations,2022-09-01,208,227
Other,Narcotic / Drug Law Violations,2022-10-01,244,233
Other,Narcotic / Drug Law Violations,2022-11-01,263,238
Other,Narcotic / Drug Law Violations,2022-12-01,218,242
Other,Narcotic / Drug Law Violations,2023-01-01,219,233
Other,Narcotic / Drug Law Violations,2023-02-01,194,210
Other,Narcotic / Drug Law Violations,2023-03-01,237,217
Other,Narcotic / Drug Law Violations,2023-04-01,221,217
Other,Narcotic / Drug Law Violations,2023-05-01,271,243
Other,Narcotic / Drug Law Violations,2023-06-01,215,236
Other,Narcotic / Drug Law Violations,2023-07-01,197,228
Other,Narcotic / Drug Law Violations,2023-08-01,213,208
Other,Narcotic / Drug Law Violations,2023-09-01,206,205
Other,Narcotic / Drug Law Violations,2023-10-01,48,156
Other,Offenses Against Family and Children,2019-01-01,47,NA
Other,Offenses Against Family and Children,2019-02-01,35,NA
Other,Offenses Against Family and Children,2019-03-01,51,44
Other,Offenses Against Family and Children,2019-04-01,41,42
Other,Offenses Against Family and Children,2019-05-01,50,47
Other,Offenses Against Family and Children,2019-06-01,61,51
Other,Offenses Against Family and Children,2019-07-01,42,51
Other,Offenses Against Family and Children,2019-08-01,52,52
Other,Offenses Against Family and Children,2019-09-01,48,47
Other,Offenses Against Family and Children,2019-10-01,34,45
Other,Offenses Against Family and Children,2019-11-01,44,42
Other,Offenses Against Family and Children,2019-12-01,31,36
Other,Offenses Against Family and Children,2020-01-01,34,36
Other,Offenses Against Family and Children,2020-02-01,38,34
Other,Offenses Against Family and Children,2020-03-01,30,34
Other,Offenses Against Family and Children,2020-04-01,22,30
Other,Offenses Against Family and Children,2020-05-01,35,29
Other,Offenses Against Family and Children,2020-06-01,40,32
Other,Offenses Against Family and Children,2020-07-01,45,40
Other,Offenses Against Family and Children,2020-08-01,31,39
Other,Offenses Against Family and Children,2020-09-01,42,39
Other,Offenses Against Family and Children,2020-10-01,30,34
Other,Offenses Against Family and Children,2020-11-01,31,34
Other,Offenses Against Family and Children,2020-12-01,25,29
Other,Offenses Against Family and Children,2021-01-01,32,29
Other,Offenses Against Family and Children,2021-02-01,28,28
Other,Offenses Against Family and Children,2021-03-01,29,30
Other,Offenses Against Family and Children,2021-04-01,21,26
Other,Offenses Against Family and Children,2021-05-01,14,21
Other,Offenses Against Family and Children,2021-06-01,9,15
Other,Offenses Against Family and Children,2021-07-01,10,11
Other,Offenses Against Family and Children,2021-08-01,7,9
Other,Offenses Against Family and Children,2021-09-01,10,9
Other,Offenses Against Family and Children,2021-10-01,4,7
Other,Offenses Against Family and Children,2021-11-01,8,7
Other,Offenses Against Family and Children,2021-12-01,16,9
Other,Offenses Against Family and Children,2022-01-01,8,11
Other,Offenses Against Family and Children,2022-02-01,5,10
Other,Offenses Against Family and Children,2022-03-01,12,8
Other,Offenses Against Family and Children,2022-04-01,15,11
Other,Offenses Against Family and Children,2022-05-01,18,15
Other,Offenses Against Family and Children,2022-06-01,9,14
Other,Offenses Against Family and Children,2022-07-01,11,13
Other,Offenses Against Family and Children,2022-08-01,15,12
Other,Offenses Against Family and Children,2022-09-01,8,11
Other,Offenses Against Family and Children,2022-10-01,19,14
Other,Offenses Against Family and Children,2022-11-01,18,15
Other,Offenses Against Family and Children,2022-12-01,22,20
Other,Offenses Against Family and Children,2023-01-01,30,23
Other,Offenses Against Family and Children,2023-02-01,41,31
Other,Offenses Against Family and Children,2023-03-01,33,35
Other,Offenses Against Family and Children,2023-04-01,42,39
Other,Offenses Against Family and Children,2023-05-01,44,40
Other,Offenses Against Family and Children,2023-06-01,44,43
Other,Offenses Against Family and Children,2023-07-01,29,39
Other,Offenses Against Family and Children,2023-08-01,20,31
Other,Offenses Against Family and Children,2023-09-01,46,32
Other,Offenses Against Family and Children,2023-10-01,9,25
Other,Other Assaults,2019-01-01,1801,NA
Other,Other Assaults,2019-02-01,1754,NA
Other,Other Assaults,2019-03-01,2027,1861
Other,Other Assaults,2019-04-01,2261,2014
Other,Other Assaults,2019-05-01,2320,2203
Other,Other Assaults,2019-06-01,2018,2200
Other,Other Assaults,2019-07-01,2013,2117
Other,Other Assaults,2019-08-01,2031,2021
Other,Other Assaults,2019-09-01,2193,2079
Other,Other Assaults,2019-10-01,2391,2205
Other,Other Assaults,2019-11-01,1922,2169
Other,Other Assaults,2019-12-01,1872,2062
Other,Other Assaults,2020-01-01,2046,1947
Other,Other Assaults,2020-02-01,1974,1964
Other,Other Assaults,2020-03-01,1828,1949
Other,Other Assaults,2020-04-01,1404,1735
Other,Other Assaults,2020-05-01,1797,1676
Other,Other Assaults,2020-06-01,1866,1689
Other,Other Assaults,2020-07-01,1965,1876
Other,Other Assaults,2020-08-01,1965,1932
Other,Other Assaults,2020-09-01,1922,1951
Other,Other Assaults,2020-10-01,1901,1929
Other,Other Assaults,2020-11-01,1687,1837
Other,Other Assaults,2020-12-01,1562,1717
Other,Other Assaults,2021-01-01,1734,1661
Other,Other Assaults,2021-02-01,1479,1592
Other,Other Assaults,2021-03-01,1793,1669
Other,Other Assaults,2021-04-01,2053,1775
Other,Other Assaults,2021-05-01,1990,1945
Other,Other Assaults,2021-06-01,2089,2044
Other,Other Assaults,2021-07-01,2112,2064
Other,Other Assaults,2021-08-01,2141,2114
Other,Other Assaults,2021-09-01,2183,2145
Other,Other Assaults,2021-10-01,2437,2254
Other,Other Assaults,2021-11-01,2082,2234
Other,Other Assaults,2021-12-01,1958,2159
Other,Other Assaults,2022-01-01,1752,1931
Other,Other Assaults,2022-02-01,1840,1850
Other,Other Assaults,2022-03-01,2218,1937
Other,Other Assaults,2022-04-01,2120,2059
Other,Other Assaults,2022-05-01,2418,2252
Other,Other Assaults,2022-06-01,2284,2274
Other,Other Assaults,2022-07-01,2303,2335
Other,Other Assaults,2022-08-01,2083,2223
Other,Other Assaults,2022-09-01,2106,2164
Other,Other Assaults,2022-10-01,2155,2115
Other,Other Assaults,2022-11-01,2162,2141
Other,Other Assaults,2022-12-01,1919,2079
Other,Other Assaults,2023-01-01,2160,2080
Other,Other Assaults,2023-02-01,2016,2032
Other,Other Assaults,2023-03-01,2235,2137
Other,Other Assaults,2023-04-01,2225,2159
Other,Other Assaults,2023-05-01,2470,2310
Other,Other Assaults,2023-06-01,2140,2278
Other,Other Assaults,2023-07-01,2142,2251
Other,Other Assaults,2023-08-01,2183,2155
Other,Other Assaults,2023-09-01,2107,2144
Other,Other Assaults,2023-10-01,455,1582
Other,Other Sex Offenses (Not Commercialized),2019-01-01,84,NA
Other,Other Sex Offenses (Not Commercialized),2019-02-01,76,NA
Other,Other Sex Offenses (Not Commercialized),2019-03-01,82,81
Other,Other Sex Offenses (Not Commercialized),2019-04-01,106,88
Other,Other Sex Offenses (Not Commercialized),2019-05-01,77,88
Other,Other Sex Offenses (Not Commercialized),2019-06-01,83,89
Other,Other Sex Offenses (Not Commercialized),2019-07-01,76,79
Other,Other Sex Offenses (Not Commercialized),2019-08-01,74,78
Other,Other Sex Offenses (Not Commercialized),2019-09-01,102,84
Other,Other Sex Offenses (Not Commercialized),2019-10-01,98,91
Other,Other Sex Offenses (Not Commercialized),2019-11-01,70,90
Other,Other Sex Offenses (Not Commercialized),2019-12-01,81,83
Other,Other Sex Offenses (Not Commercialized),2020-01-01,85,79
Other,Other Sex Offenses (Not Commercialized),2020-02-01,89,85
Other,Other Sex Offenses (Not Commercialized),2020-03-01,47,74
Other,Other Sex Offenses (Not Commercialized),2020-04-01,27,54
Other,Other Sex Offenses (Not Commercialized),2020-05-01,48,41
Other,Other Sex Offenses (Not Commercialized),2020-06-01,62,46
Other,Other Sex Offenses (Not Commercialized),2020-07-01,71,60
Other,Other Sex Offenses (Not Commercialized),2020-08-01,64,66
Other,Other Sex Offenses (Not Commercialized),2020-09-01,73,69
Other,Other Sex Offenses (Not Commercialized),2020-10-01,56,64
Other,Other Sex Offenses (Not Commercialized),2020-11-01,56,62
Other,Other Sex Offenses (Not Commercialized),2020-12-01,40,51
Other,Other Sex Offenses (Not Commercialized),2021-01-01,53,50
Other,Other Sex Offenses (Not Commercialized),2021-02-01,47,47
Other,Other Sex Offenses (Not Commercialized),2021-03-01,53,51
Other,Other Sex Offenses (Not Commercialized),2021-04-01,80,60
Other,Other Sex Offenses (Not Commercialized),2021-05-01,76,70
Other,Other Sex Offenses (Not Commercialized),2021-06-01,71,76
Other,Other Sex Offenses (Not Commercialized),2021-07-01,85,77
Other,Other Sex Offenses (Not Commercialized),2021-08-01,88,81
Other,Other Sex Offenses (Not Commercialized),2021-09-01,69,81
Other,Other Sex Offenses (Not Commercialized),2021-10-01,91,83
Other,Other Sex Offenses (Not Commercialized),2021-11-01,75,78
Other,Other Sex Offenses (Not Commercialized),2021-12-01,79,82
Other,Other Sex Offenses (Not Commercialized),2022-01-01,61,72
Other,Other Sex Offenses (Not Commercialized),2022-02-01,67,69
Other,Other Sex Offenses (Not Commercialized),2022-03-01,92,73
Other,Other Sex Offenses (Not Commercialized),2022-04-01,112,90
Other,Other Sex Offenses (Not Commercialized),2022-05-01,114,106
Other,Other Sex Offenses (Not Commercialized),2022-06-01,107,111
Other,Other Sex Offenses (Not Commercialized),2022-07-01,64,95
Other,Other Sex Offenses (Not Commercialized),2022-08-01,110,94
Other,Other Sex Offenses (Not Commercialized),2022-09-01,68,81
Other,Other Sex Offenses (Not Commercialized),2022-10-01,84,87
Other,Other Sex Offenses (Not Commercialized),2022-11-01,80,77
Other,Other Sex Offenses (Not Commercialized),2022-12-01,82,82
Other,Other Sex Offenses (Not Commercialized),2023-01-01,120,94
Other,Other Sex Offenses (Not Commercialized),2023-02-01,73,92
Other,Other Sex Offenses (Not Commercialized),2023-03-01,97,97
Other,Other Sex Offenses (Not Commercialized),2023-04-01,95,88
Other,Other Sex Offenses (Not Commercialized),2023-05-01,101,98
Other,Other Sex Offenses (Not Commercialized),2023-06-01,82,93
Other,Other Sex Offenses (Not Commercialized),2023-07-01,93,92
Other,Other Sex Offenses (Not Commercialized),2023-08-01,131,102
Other,Other Sex Offenses (Not Commercialized),2023-09-01,89,104
Other,Other Sex Offenses (Not Commercialized),2023-10-01,13,78
Other,Prostitution and Commercialized Vice,2019-01-01,88,NA
Other,Prostitution and Commercialized Vice,2019-02-01,53,NA
Other,Prostitution and Commercialized Vice,2019-03-01,40,60
Other,Prostitution and Commercialized Vice,2019-04-01,72,55
Other,Prostitution and Commercialized Vice,2019-05-01,44,52
Other,Prostitution and Commercialized Vice,2019-06-01,97,71
Other,Prostitution and Commercialized Vice,2019-07-01,74,72
Other,Prostitution and Commercialized Vice,2019-08-01,35,69
Other,Prostitution and Commercialized Vice,2019-09-01,82,64
Other,Prostitution and Commercialized Vice,2019-10-01,87,68
Other,Prostitution and Commercialized Vice,2019-11-01,25,65
Other,Prostitution and Commercialized Vice,2019-12-01,43,52
Other,Prostitution and Commercialized Vice,2020-01-01,45,38
Other,Prostitution and Commercialized Vice,2020-02-01,84,57
Other,Prostitution and Commercialized Vice,2020-03-01,22,50
Other,Prostitution and Commercialized Vice,2020-09-01,15,40
Other,Prostitution and Commercialized Vice,2020-10-01,24,20
Other,Prostitution and Commercialized Vice,2021-02-01,1,13
Other,Prostitution and Commercialized Vice,2021-05-01,1,9
Other,Prostitution and Commercialized Vice,2021-08-01,16,6
Other,Prostitution and Commercialized Vice,2021-09-01,6,8
Other,Prostitution and Commercialized Vice,2021-10-01,14,12
Other,Prostitution and Commercialized Vice,2021-11-01,13,11
Other,Prostitution and Commercialized Vice,2021-12-01,11,13
Other,Prostitution and Commercialized Vice,2022-01-01,23,16
Other,Prostitution and Commercialized Vice,2022-02-01,14,16
Other,Prostitution and Commercialized Vice,2022-03-01,27,21
Other,Prostitution and Commercialized Vice,2022-04-01,26,22
Other,Prostitution and Commercialized Vice,2022-05-01,48,34
Other,Prostitution and Commercialized Vice,2022-06-01,12,29
Other,Prostitution and Commercialized Vice,2022-07-01,9,23
Other,Prostitution and Commercialized Vice,2022-08-01,33,18
Other,Prostitution and Commercialized Vice,2022-09-01,10,17
Other,Prostitution and Commercialized Vice,2022-10-01,8,17
Other,Prostitution and Commercialized Vice,2022-11-01,25,14
Other,Prostitution and Commercialized Vice,2022-12-01,12,15
Other,Prostitution and Commercialized Vice,2023-01-01,18,18
Other,Prostitution and Commercialized Vice,2023-02-01,17,16
Other,Prostitution and Commercialized Vice,2023-03-01,14,16
Other,Prostitution and Commercialized Vice,2023-04-01,24,18
Other,Prostitution and Commercialized Vice,2023-05-01,31,23
Other,Prostitution and Commercialized Vice,2023-06-01,49,35
Other,Prostitution and Commercialized Vice,2023-07-01,58,46
Other,Prostitution and Commercialized Vice,2023-08-01,23,43
Other,Prostitution and Commercialized Vice,2023-09-01,26,36
Other,Prostitution and Commercialized Vice,2023-10-01,7,19
Other,Public Drunkenness,2019-01-01,5,NA
Other,Public Drunkenness,2019-02-01,7,NA
Other,Public Drunkenness,2019-03-01,3,5
Other,Public Drunkenness,2019-04-01,8,6
Other,Public Drunkenness,2019-05-01,6,6
Other,Public Drunkenness,2019-06-01,8,7
Other,Public Drunkenness,2019-07-01,18,11
Other,Public Drunkenness,2019-08-01,16,14
Other,Public Drunkenness,2019-09-01,32,22
Other,Public Drunkenness,2019-10-01,11,20
Other,Public Drunkenness,2019-11-01,18,20
Other,Public Drunkenness,2019-12-01,9,13
Other,Public Drunkenness,2020-01-01,6,11
Other,Public Drunkenness,2020-02-01,14,10
Other,Public Drunkenness,2020-03-01,6,9
Other,Public Drunkenness,2020-04-01,1,7
Other,Public Drunkenness,2020-05-01,5,4
Other,Public Drunkenness,2020-07-01,1,2
Other,Public Drunkenness,2020-08-01,2,3
Other,Public Drunkenness,2020-10-01,3,2
Other,Public Drunkenness,2020-11-01,1,2
Other,Public Drunkenness,2020-12-01,1,2
Other,Public Drunkenness,2021-01-01,1,1
Other,Public Drunkenness,2021-02-01,6,3
Other,Public Drunkenness,2021-03-01,4,4
Other,Public Drunkenness,2021-04-01,13,8
Other,Public Drunkenness,2021-05-01,8,8
Other,Public Drunkenness,2021-06-01,8,10
Other,Public Drunkenness,2021-07-01,5,7
Other,Public Drunkenness,2021-08-01,15,9
Other,Public Drunkenness,2021-09-01,4,8
Other,Public Drunkenness,2021-10-01,2,7
Other,Public Drunkenness,2021-11-01,1,2
Other,Public Drunkenness,2021-12-01,2,2
Other,Public Drunkenness,2022-01-01,2,2
Other,Public Drunkenness,2022-02-01,7,4
Other,Public Drunkenness,2022-03-01,4,4
Other,Public Drunkenness,2022-04-01,6,6
Other,Public Drunkenness,2022-05-01,1,4
Other,Public Drunkenness,2022-06-01,12,6
Other,Public Drunkenness,2022-08-01,1,5
Other,Public Drunkenness,2022-09-01,2,5
Other,Public Drunkenness,2022-10-01,6,3
Other,Public Drunkenness,2022-11-01,3,4
Other,Public Drunkenness,2022-12-01,4,4
Other,Public Drunkenness,2023-01-01,3,3
Other,Public Drunkenness,2023-02-01,1,3
Other,Public Drunkenness,2023-03-01,3,2
Other,Public Drunkenness,2023-04-01,1,2
Other,Public Drunkenness,2023-05-01,4,3
Other,Public Drunkenness,2023-06-01,1,2
Other,Public Drunkenness,2023-07-01,3,3
Other,Public Drunkenness,2023-08-01,2,2
Other,Public Drunkenness,2023-09-01,4,3
Other,Receiving Stolen Property,2019-01-01,3,NA
Other,Receiving Stolen Property,2019-02-01,1,NA
Other,Receiving Stolen Property,2019-03-01,1,2
Other,Receiving Stolen Property,2019-04-01,2,1
Other,Receiving Stolen Property,2019-05-01,1,1
Other,Receiving Stolen Property,2019-06-01,1,1
Other,Receiving Stolen Property,2019-07-01,1,1
Other,Receiving Stolen Property,2019-08-01,3,2
Other,Receiving Stolen Property,2019-09-01,6,3
Other,Receiving Stolen Property,2019-10-01,4,4
Other,Receiving Stolen Property,2019-11-01,3,4
Other,Receiving Stolen Property,2019-12-01,2,3
Other,Receiving Stolen Property,2020-01-01,1,2
Other,Receiving Stolen Property,2020-02-01,1,1
Other,Receiving Stolen Property,2020-03-01,2,1
Other,Receiving Stolen Property,2020-04-01,1,1
Other,Receiving Stolen Property,2020-05-01,1,1
Other,Receiving Stolen Property,2020-06-01,1,1
Other,Receiving Stolen Property,2020-07-01,2,1
Other,Receiving Stolen Property,2020-08-01,3,2
Other,Receiving Stolen Property,2020-10-01,2,2
Other,Receiving Stolen Property,2020-11-01,4,3
Other,Receiving Stolen Property,2020-12-01,6,4
Other,Receiving Stolen Property,2021-01-01,4,5
Other,Receiving Stolen Property,2021-02-01,1,4
Other,Receiving Stolen Property,2021-03-01,3,3
Other,Receiving Stolen Property,2021-04-01,64,23
Other,Receiving Stolen Property,2021-05-01,70,46
Other,Receiving Stolen Property,2021-06-01,75,70
Other,Receiving Stolen Property,2021-07-01,82,76
Other,Receiving Stolen Property,2021-08-01,67,75
Other,Receiving Stolen Property,2021-09-01,69,73
Other,Receiving Stolen Property,2021-10-01,91,76
Other,Receiving Stolen Property,2021-11-01,59,73
Other,Receiving Stolen Property,2021-12-01,71,74
Other,Receiving Stolen Property,2022-01-01,92,74
Other,Receiving Stolen Property,2022-02-01,72,78
Other,Receiving Stolen Property,2022-03-01,75,80
Other,Receiving Stolen Property,2022-04-01,64,70
Other,Receiving Stolen Property,2022-05-01,63,67
Other,Receiving Stolen Property,2022-06-01,70,66
Other,Receiving Stolen Property,2022-07-01,83,72
Other,Receiving Stolen Property,2022-08-01,95,83
Other,Receiving Stolen Property,2022-09-01,77,85
Other,Receiving Stolen Property,2022-10-01,89,87
Other,Receiving Stolen Property,2022-11-01,110,92
Other,Receiving Stolen Property,2022-12-01,119,106
Other,Receiving Stolen Property,2023-01-01,111,113
Other,Receiving Stolen Property,2023-02-01,101,110
Other,Receiving Stolen Property,2023-03-01,117,110
Other,Receiving Stolen Property,2023-04-01,123,114
Other,Receiving Stolen Property,2023-05-01,154,131
Other,Receiving Stolen Property,2023-06-01,132,136
Other,Receiving Stolen Property,2023-07-01,136,141
Other,Receiving Stolen Property,2023-08-01,152,140
Other,Receiving Stolen Property,2023-09-01,126,138
Other,Receiving Stolen Property,2023-10-01,20,99
Other,Vagrancy/Loitering,2019-01-01,2,NA
Other,Vagrancy/Loitering,2019-03-01,1,NA
Other,Vagrancy/Loitering,2019-04-01,4,2
Other,Vagrancy/Loitering,2019-06-01,1,2
Other,Vagrancy/Loitering,2019-07-01,2,2
Other,Vagrancy/Loitering,2019-08-01,3,2
Other,Vagrancy/Loitering,2019-10-01,1,2
Other,Vagrancy/Loitering,2019-11-01,1,2
Other,Vagrancy/Loitering,2019-12-01,2,1
Other,Vagrancy/Loitering,2020-02-01,1,1
Other,Vagrancy/Loitering,2020-05-01,3,2
Other,Vagrancy/Loitering,2020-09-01,2,2
Other,Vagrancy/Loitering,2020-10-01,1,2
Other,Vagrancy/Loitering,2020-12-01,1,1
Other,Vagrancy/Loitering,2021-02-01,2,1
Other,Vagrancy/Loitering,2021-03-01,1,1
Other,Vagrancy/Loitering,2021-06-01,1,1
Other,Vagrancy/Loitering,2021-07-01,1,1
Other,Vagrancy/Loitering,2021-08-01,3,2
Other,Vagrancy/Loitering,2021-09-01,1,2
Other,Vagrancy/Loitering,2021-12-01,1,2
Other,Vagrancy/Loitering,2022-01-01,1,1
Other,Vagrancy/Loitering,2022-03-01,1,1
Other,Vagrancy/Loitering,2022-04-01,2,1
Other,Vagrancy/Loitering,2023-03-01,4,2
Other,Vagrancy/Loitering,2023-04-01,2,3
Other,Vagrancy/Loitering,2023-05-01,1,2
Other,Vandalism/Criminal Mischief,2019-01-01,1163,NA
Other,Vandalism/Criminal Mischief,2019-02-01,1002,NA
Other,Vandalism/Criminal Mischief,2019-03-01,1173,1113
Other,Vandalism/Criminal Mischief,2019-04-01,1301,1159
Other,Vandalism/Criminal Mischief,2019-05-01,1300,1258
Other,Vandalism/Criminal Mischief,2019-06-01,1340,1314
Other,Vandalism/Criminal Mischief,2019-07-01,1423,1354
Other,Vandalism/Criminal Mischief,2019-08-01,1302,1355
Other,Vandalism/Criminal Mischief,2019-09-01,1186,1304
Other,Vandalism/Criminal Mischief,2019-10-01,1239,1242
Other,Vandalism/Criminal Mischief,2019-11-01,1170,1198
Other,Vandalism/Criminal Mischief,2019-12-01,1118,1176
Other,Vandalism/Criminal Mischief,2020-01-01,1202,1163
Other,Vandalism/Criminal Mischief,2020-02-01,1066,1129
Other,Vandalism/Criminal Mischief,2020-03-01,1027,1098
Other,Vandalism/Criminal Mischief,2020-04-01,995,1029
Other,Vandalism/Criminal Mischief,2020-05-01,1292,1105
Other,Vandalism/Criminal Mischief,2020-06-01,1451,1246
Other,Vandalism/Criminal Mischief,2020-07-01,1272,1338
Other,Vandalism/Criminal Mischief,2020-08-01,1263,1329
Other,Vandalism/Criminal Mischief,2020-09-01,1289,1275
Other,Vandalism/Criminal Mischief,2020-10-01,1399,1317
Other,Vandalism/Criminal Mischief,2020-11-01,1222,1303
Other,Vandalism/Criminal Mischief,2020-12-01,1049,1223
Other,Vandalism/Criminal Mischief,2021-01-01,1141,1137
Other,Vandalism/Criminal Mischief,2021-02-01,784,991
Other,Vandalism/Criminal Mischief,2021-03-01,1006,977
Other,Vandalism/Criminal Mischief,2021-04-01,1154,981
Other,Vandalism/Criminal Mischief,2021-05-01,1244,1135
Other,Vandalism/Criminal Mischief,2021-06-01,1218,1205
Other,Vandalism/Criminal Mischief,2021-07-01,1257,1240
Other,Vandalism/Criminal Mischief,2021-08-01,1223,1233
Other,Vandalism/Criminal Mischief,2021-09-01,1222,1234
Other,Vandalism/Criminal Mischief,2021-10-01,1282,1242
Other,Vandalism/Criminal Mischief,2021-11-01,1090,1198
Other,Vandalism/Criminal Mischief,2021-12-01,1061,1144
Other,Vandalism/Criminal Mischief,2022-01-01,981,1044
Other,Vandalism/Criminal Mischief,2022-02-01,988,1010
Other,Vandalism/Criminal Mischief,2022-03-01,1133,1034
Other,Vandalism/Criminal Mischief,2022-04-01,1193,1105
Other,Vandalism/Criminal Mischief,2022-05-01,1293,1206
Other,Vandalism/Criminal Mischief,2022-06-01,1318,1268
Other,Vandalism/Criminal Mischief,2022-07-01,1298,1303
Other,Vandalism/Criminal Mischief,2022-08-01,1346,1321
Other,Vandalism/Criminal Mischief,2022-09-01,1182,1275
Other,Vandalism/Criminal Mischief,2022-10-01,1257,1262
Other,Vandalism/Criminal Mischief,2022-11-01,1178,1206
Other,Vandalism/Criminal Mischief,2022-12-01,1208,1214
Other,Vandalism/Criminal Mischief,2023-01-01,1413,1266
Other,Vandalism/Criminal Mischief,2023-02-01,1258,1293
Other,Vandalism/Criminal Mischief,2023-03-01,1396,1356
Other,Vandalism/Criminal Mischief,2023-04-01,1439,1364
Other,Vandalism/Criminal Mischief,2023-05-01,1488,1441
Other,Vandalism/Criminal Mischief,2023-06-01,1555,1494
Other,Vandalism/Criminal Mischief,2023-07-01,1673,1572
Other,Vandalism/Criminal Mischief,2023-08-01,1603,1610
Other,Vandalism/Criminal Mischief,2023-09-01,1420,1565
Other,Vandalism/Criminal Mischief,2023-10-01,297,1107
Other,Weapon Violations,2019-01-01,214,NA
Other,Weapon Violations,2019-02-01,196,NA
Other,Weapon Violations,2019-03-01,172,194
Other,Weapon Violations,2019-04-01,225,198
Other,Weapon Violations,2019-05-01,243,213
Other,Weapon Violations,2019-06-01,200,223
Other,Weapon Violations,2019-07-01,177,207
Other,Weapon Violations,2019-08-01,199,192
Other,Weapon Violations,2019-09-01,255,210
Other,Weapon Violations,2019-10-01,232,229
Other,Weapon Violations,2019-11-01,225,237
Other,Weapon Violations,2019-12-01,229,229
Other,Weapon Violations,2020-01-01,239,231
Other,Weapon Violations,2020-02-01,238,235
Other,Weapon Violations,2020-03-01,195,224
Other,Weapon Violations,2020-04-01,232,222
Other,Weapon Violations,2020-05-01,292,240
Other,Weapon Violations,2020-06-01,160,228
Other,Weapon Violations,2020-07-01,198,217
Other,Weapon Violations,2020-08-01,377,245
Other,Weapon Violations,2020-09-01,421,332
Other,Weapon Violations,2020-10-01,425,408
Other,Weapon Violations,2020-11-01,365,404
Other,Weapon Violations,2020-12-01,403,398
Other,Weapon Violations,2021-01-01,418,395
Other,Weapon Violations,2021-02-01,301,374
Other,Weapon Violations,2021-03-01,335,351
Other,Weapon Violations,2021-04-01,347,328
Other,Weapon Violations,2021-05-01,315,332
Other,Weapon Violations,2021-06-01,265,309
Other,Weapon Violations,2021-07-01,300,293
Other,Weapon Violations,2021-08-01,277,281
Other,Weapon Violations,2021-09-01,305,294
Other,Weapon Violations,2021-10-01,279,287
Other,Weapon Violations,2021-11-01,229,271
Other,Weapon Violations,2021-12-01,230,246
Other,Weapon Violations,2022-01-01,241,233
Other,Weapon Violations,2022-02-01,227,233
Other,Weapon Violations,2022-03-01,237,235
Other,Weapon Violations,2022-04-01,259,241
Other,Weapon Violations,2022-05-01,263,253
Other,Weapon Violations,2022-06-01,264,262
Other,Weapon Violations,2022-07-01,272,266
Other,Weapon Violations,2022-08-01,299,278
Other,Weapon Violations,2022-09-01,268,280
Other,Weapon Violations,2022-10-01,247,271
Other,Weapon Violations,2022-11-01,222,246
Other,Weapon Violations,2022-12-01,223,231
Other,Weapon Violations,2023-01-01,258,234
Other,Weapon Violations,2023-02-01,238,240
Other,Weapon Violations,2023-03-01,249,248
Other,Weapon Violations,2023-04-01,290,259
Other,Weapon Violations,2023-05-01,313,284
Other,Weapon Violations,2023-06-01,300,301
Other,Weapon Violations,2023-07-01,276,296
Other,Weapon Violations,2023-08-01,336,304
Other,Weapon Violations,2023-09-01,281,298
Other,Weapon Violations,2023-10-01,63,227
Robbery,Robbery Firearm,2019-01-01,177,NA
Robbery,Robbery Firearm,2019-02-01,151,NA
Robbery,Robbery Firearm,2019-03-01,145,158
Robbery,Robbery Firearm,2019-04-01,137,144
Robbery,Robbery Firearm,2019-05-01,145,142
Robbery,Robbery Firearm,2019-06-01,167,150
Robbery,Robbery Firearm,2019-07-01,205,172
Robbery,Robbery Firearm,2019-08-01,198,190
Robbery,Robbery Firearm,2019-09-01,210,204
Robbery,Robbery Firearm,2019-10-01,236,215
Robbery,Robbery Firearm,2019-11-01,201,216
Robbery,Robbery Firearm,2019-12-01,215,217
Robbery,Robbery Firearm,2020-01-01,213,210
Robbery,Robbery Firearm,2020-02-01,166,198
Robbery,Robbery Firearm,2020-03-01,147,175
Robbery,Robbery Firearm,2020-04-01,124,146
Robbery,Robbery Firearm,2020-05-01,120,130
Robbery,Robbery Firearm,2020-06-01,115,120
Robbery,Robbery Firearm,2020-07-01,63,99
Robbery,Robbery Firearm,2020-08-01,107,95
Robbery,Robbery Firearm,2020-09-01,131,100
Robbery,Robbery Firearm,2020-10-01,209,149
Robbery,Robbery Firearm,2020-11-01,220,187
Robbery,Robbery Firearm,2020-12-01,257,229
Robbery,Robbery Firearm,2021-01-01,245,241
Robbery,Robbery Firearm,2021-02-01,136,213
Robbery,Robbery Firearm,2021-03-01,142,174
Robbery,Robbery Firearm,2021-04-01,116,131
Robbery,Robbery Firearm,2021-05-01,127,128
Robbery,Robbery Firearm,2021-06-01,127,123
Robbery,Robbery Firearm,2021-07-01,154,136
Robbery,Robbery Firearm,2021-08-01,174,152
Robbery,Robbery Firearm,2021-09-01,205,178
Robbery,Robbery Firearm,2021-10-01,301,227
Robbery,Robbery Firearm,2021-11-01,295,267
Robbery,Robbery Firearm,2021-12-01,398,331
Robbery,Robbery Firearm,2022-01-01,349,347
Robbery,Robbery Firearm,2022-02-01,229,325
Robbery,Robbery Firearm,2022-03-01,171,250
Robbery,Robbery Firearm,2022-04-01,204,201
Robbery,Robbery Firearm,2022-05-01,236,204
Robbery,Robbery Firearm,2022-06-01,271,237
Robbery,Robbery Firearm,2022-07-01,268,258
Robbery,Robbery Firearm,2022-08-01,258,266
Robbery,Robbery Firearm,2022-09-01,276,267
Robbery,Robbery Firearm,2022-10-01,237,257
Robbery,Robbery Firearm,2022-11-01,257,257
Robbery,Robbery Firearm,2022-12-01,198,231
Robbery,Robbery Firearm,2023-01-01,252,236
Robbery,Robbery Firearm,2023-02-01,189,213
Robbery,Robbery Firearm,2023-03-01,175,205
Robbery,Robbery Firearm,2023-04-01,190,185
Robbery,Robbery Firearm,2023-05-01,244,203
Robbery,Robbery Firearm,2023-06-01,209,214
Robbery,Robbery Firearm,2023-07-01,259,237
Robbery,Robbery Firearm,2023-08-01,223,230
Robbery,Robbery Firearm,2023-09-01,232,238
Robbery,Robbery Firearm,2023-10-01,54,170
Robbery,Robbery No Firearm,2019-01-01,235,NA
Robbery,Robbery No Firearm,2019-02-01,218,NA
Robbery,Robbery No Firearm,2019-03-01,283,245
Robbery,Robbery No Firearm,2019-04-01,314,272
Robbery,Robbery No Firearm,2019-05-01,312,303
Robbery,Robbery No Firearm,2019-06-01,285,304
Robbery,Robbery No Firearm,2019-07-01,303,300
Robbery,Robbery No Firearm,2019-08-01,340,309
Robbery,Robbery No Firearm,2019-09-01,325,323
Robbery,Robbery No Firearm,2019-10-01,328,331
Robbery,Robbery No Firearm,2019-11-01,266,306
Robbery,Robbery No Firearm,2019-12-01,293,296
Robbery,Robbery No Firearm,2020-01-01,292,284
Robbery,Robbery No Firearm,2020-02-01,276,287
Robbery,Robbery No Firearm,2020-03-01,236,268
Robbery,Robbery No Firearm,2020-04-01,227,246
Robbery,Robbery No Firearm,2020-05-01,214,226
Robbery,Robbery No Firearm,2020-06-01,214,218
Robbery,Robbery No Firearm,2020-07-01,188,205
Robbery,Robbery No Firearm,2020-08-01,244,215
Robbery,Robbery No Firearm,2020-09-01,235,222
Robbery,Robbery No Firearm,2020-10-01,292,257
Robbery,Robbery No Firearm,2020-11-01,205,244
Robbery,Robbery No Firearm,2020-12-01,187,228
Robbery,Robbery No Firearm,2021-01-01,238,210
Robbery,Robbery No Firearm,2021-02-01,167,197
Robbery,Robbery No Firearm,2021-03-01,168,191
Robbery,Robbery No Firearm,2021-04-01,173,169
Robbery,Robbery No Firearm,2021-05-01,237,193
Robbery,Robbery No Firearm,2021-06-01,181,197
Robbery,Robbery No Firearm,2021-07-01,190,203
Robbery,Robbery No Firearm,2021-08-01,226,199
Robbery,Robbery No Firearm,2021-09-01,223,213
Robbery,Robbery No Firearm,2021-10-01,237,229
Robbery,Robbery No Firearm,2021-11-01,243,234
Robbery,Robbery No Firearm,2021-12-01,241,240
Robbery,Robbery No Firearm,2022-01-01,214,233
Robbery,Robbery No Firearm,2022-02-01,197,217
Robbery,Robbery No Firearm,2022-03-01,218,210
Robbery,Robbery No Firearm,2022-04-01,228,214
Robbery,Robbery No Firearm,2022-05-01,276,241
Robbery,Robbery No Firearm,2022-06-01,286,263
Robbery,Robbery No Firearm,2022-07-01,289,284
Robbery,Robbery No Firearm,2022-08-01,227,267
Robbery,Robbery No Firearm,2022-09-01,217,244
Robbery,Robbery No Firearm,2022-10-01,253,232
Robbery,Robbery No Firearm,2022-11-01,222,231
Robbery,Robbery No Firearm,2022-12-01,217,231
Robbery,Robbery No Firearm,2023-01-01,240,226
Robbery,Robbery No Firearm,2023-02-01,187,215
Robbery,Robbery No Firearm,2023-03-01,205,211
Robbery,Robbery No Firearm,2023-04-01,200,197
Robbery,Robbery No Firearm,2023-05-01,258,221
Robbery,Robbery No Firearm,2023-06-01,251,236
Robbery,Robbery No Firearm,2023-07-01,232,247
Robbery,Robbery No Firearm,2023-08-01,230,238
Robbery,Robbery No Firearm,2023-09-01,218,227
Robbery,Robbery No Firearm,2023-10-01,59,169
Sexual Assault,Rape,2019-01-01,86,NA
Sexual Assault,Rape,2019-02-01,64,NA
Sexual Assault,Rape,2019-03-01,102,84
Sexual Assault,Rape,2019-04-01,69,78
Sexual Assault,Rape,2019-05-01,85,85
Sexual Assault,Rape,2019-06-01,81,78
Sexual Assault,Rape,2019-07-01,101,89
Sexual Assault,Rape,2019-08-01,99,94
Sexual Assault,Rape,2019-09-01,84,95
Sexual Assault,Rape,2019-10-01,88,90
Sexual Assault,Rape,2019-11-01,76,83
Sexual Assault,Rape,2019-12-01,77,80
Sexual Assault,Rape,2020-01-01,78,77
Sexual Assault,Rape,2020-02-01,82,79
Sexual Assault,Rape,2020-03-01,77,79
Sexual Assault,Rape,2020-04-01,40,66
Sexual Assault,Rape,2020-05-01,51,56
Sexual Assault,Rape,2020-06-01,82,58
Sexual Assault,Rape,2020-07-01,73,69
Sexual Assault,Rape,2020-08-01,73,76
Sexual Assault,Rape,2020-09-01,67,71
Sexual Assault,Rape,2020-10-01,94,78
Sexual Assault,Rape,2020-11-01,65,75
Sexual Assault,Rape,2020-12-01,72,77
Sexual Assault,Rape,2021-01-01,77,71
Sexual Assault,Rape,2021-02-01,66,72
Sexual Assault,Rape,2021-03-01,75,73
Sexual Assault,Rape,2021-04-01,63,68
Sexual Assault,Rape,2021-05-01,56,65
Sexual Assault,Rape,2021-06-01,63,61
Sexual Assault,Rape,2021-07-01,68,62
Sexual Assault,Rape,2021-08-01,61,64
Sexual Assault,Rape,2021-09-01,64,64
Sexual Assault,Rape,2021-10-01,55,60
Sexual Assault,Rape,2021-11-01,67,62
Sexual Assault,Rape,2021-12-01,42,55
Sexual Assault,Rape,2022-01-01,39,49
Sexual Assault,Rape,2022-02-01,50,44
Sexual Assault,Rape,2022-03-01,52,47
Sexual Assault,Rape,2022-04-01,52,51
Sexual Assault,Rape,2022-05-01,56,53
Sexual Assault,Rape,2022-06-01,49,52
Sexual Assault,Rape,2022-07-01,52,52
Sexual Assault,Rape,2022-08-01,43,48
Sexual Assault,Rape,2022-09-01,63,53
Sexual Assault,Rape,2022-10-01,43,50
Sexual Assault,Rape,2022-11-01,49,52
Sexual Assault,Rape,2022-12-01,41,44
Sexual Assault,Rape,2023-01-01,52,47
Sexual Assault,Rape,2023-02-01,43,45
Sexual Assault,Rape,2023-03-01,59,51
Sexual Assault,Rape,2023-04-01,54,52
Sexual Assault,Rape,2023-05-01,46,53
Sexual Assault,Rape,2023-06-01,41,47
Sexual Assault,Rape,2023-07-01,41,43
Sexual Assault,Rape,2023-08-01,40,41
Sexual Assault,Rape,2023-09-01,49,43
Sexual Assault,Rape,2023-10-01,11,33
Theft,Theft from Vehicle,2019-01-01,1071,NA
Theft,Theft from Vehicle,2019-02-01,987,NA
Theft,Theft from Vehicle,2019-03-01,991,1016
Theft,Theft from Vehicle,2019-04-01,1055,1011
Theft,Theft from Vehicle,2019-05-01,1117,1054
Theft,Theft from Vehicle,2019-06-01,1088,1087
Theft,Theft from Vehicle,2019-07-01,1205,1137
Theft,Theft from Vehicle,2019-08-01,1191,1161
Theft,Theft from Vehicle,2019-09-01,1192,1196
Theft,Theft from Vehicle,2019-10-01,1177,1187
Theft,Theft from Vehicle,2019-11-01,1052,1140
Theft,Theft from Vehicle,2019-12-01,1062,1097
Theft,Theft from Vehicle,2020-01-01,1097,1070
Theft,Theft from Vehicle,2020-02-01,1061,1073
Theft,Theft from Vehicle,2020-03-01,1060,1073
Theft,Theft from Vehicle,2020-04-01,1131,1084
Theft,Theft from Vehicle,2020-05-01,1177,1123
Theft,Theft from Vehicle,2020-06-01,964,1091
Theft,Theft from Vehicle,2020-07-01,856,999
Theft,Theft from Vehicle,2020-08-01,1008,943
Theft,Theft from Vehicle,2020-09-01,1101,988
Theft,Theft from Vehicle,2020-10-01,1274,1128
Theft,Theft from Vehicle,2020-11-01,1064,1146
Theft,Theft from Vehicle,2020-12-01,1026,1121
Theft,Theft from Vehicle,2021-01-01,1163,1084
Theft,Theft from Vehicle,2021-02-01,764,984
Theft,Theft from Vehicle,2021-03-01,1042,990
Theft,Theft from Vehicle,2021-04-01,758,855
Theft,Theft from Vehicle,2021-05-01,828,876
Theft,Theft from Vehicle,2021-06-01,844,810
Theft,Theft from Vehicle,2021-07-01,964,879
Theft,Theft from Vehicle,2021-08-01,1093,967
Theft,Theft from Vehicle,2021-09-01,1152,1070
Theft,Theft from Vehicle,2021-10-01,1366,1204
Theft,Theft from Vehicle,2021-11-01,1212,1243
Theft,Theft from Vehicle,2021-12-01,1298,1292
Theft,Theft from Vehicle,2022-01-01,1085,1198
Theft,Theft from Vehicle,2022-02-01,936,1106
Theft,Theft from Vehicle,2022-03-01,1127,1049
Theft,Theft from Vehicle,2022-04-01,1176,1080
Theft,Theft from Vehicle,2022-05-01,1269,1191
Theft,Theft from Vehicle,2022-06-01,1452,1299
Theft,Theft from Vehicle,2022-07-01,1493,1405
Theft,Theft from Vehicle,2022-08-01,1603,1516
Theft,Theft from Vehicle,2022-09-01,1444,1513
Theft,Theft from Vehicle,2022-10-01,1562,1536
Theft,Theft from Vehicle,2022-11-01,1265,1424
Theft,Theft from Vehicle,2022-12-01,1131,1319
Theft,Theft from Vehicle,2023-01-01,1120,1172
Theft,Theft from Vehicle,2023-02-01,1112,1121
Theft,Theft from Vehicle,2023-03-01,1119,1117
Theft,Theft from Vehicle,2023-04-01,895,1042
Theft,Theft from Vehicle,2023-05-01,1079,1031
Theft,Theft from Vehicle,2023-06-01,1065,1013
Theft,Theft from Vehicle,2023-07-01,1133,1092
Theft,Theft from Vehicle,2023-08-01,1180,1126
Theft,Theft from Vehicle,2023-09-01,1076,1130
Theft,Theft from Vehicle,2023-10-01,231,829
Theft,Thefts,2019-01-01,1709,NA
Theft,Thefts,2019-02-01,1669,NA
Theft,Thefts,2019-03-01,1729,1702
Theft,Thefts,2019-04-01,1940,1779
Theft,Thefts,2019-05-01,2040,1903
Theft,Thefts,2019-06-01,2133,2038
Theft,Thefts,2019-07-01,2229,2134
Theft,Thefts,2019-08-01,2246,2203
Theft,Thefts,2019-09-01,2317,2264
Theft,Thefts,2019-10-01,2402,2322
Theft,Thefts,2019-11-01,2207,2309
Theft,Thefts,2019-12-01,2478,2362
Theft,Thefts,2020-01-01,2393,2359
Theft,Thefts,2020-02-01,2241,2371
Theft,Thefts,2020-03-01,1756,2130
Theft,Thefts,2020-04-01,1542,1846
Theft,Thefts,2020-05-01,1663,1654
Theft,Thefts,2020-06-01,1275,1493
Theft,Thefts,2020-07-01,1514,1484
Theft,Thefts,2020-08-01,1543,1444
Theft,Thefts,2020-09-01,1642,1566
Theft,Thefts,2020-10-01,1847,1677
Theft,Thefts,2020-11-01,1574,1688
Theft,Thefts,2020-12-01,1924,1782
Theft,Thefts,2021-01-01,2024,1841
Theft,Thefts,2021-02-01,1356,1768
Theft,Thefts,2021-03-01,1694,1691
Theft,Thefts,2021-04-01,1708,1586
Theft,Thefts,2021-05-01,1934,1779
Theft,Thefts,2021-06-01,2058,1900
Theft,Thefts,2021-07-01,2203,2065
Theft,Thefts,2021-08-01,2209,2157
Theft,Thefts,2021-09-01,2349,2254
Theft,Thefts,2021-10-01,2588,2382
Theft,Thefts,2021-11-01,2243,2393
Theft,Thefts,2021-12-01,2266,2366
Theft,Thefts,2022-01-01,2067,2192
Theft,Thefts,2022-02-01,2012,2115
Theft,Thefts,2022-03-01,2412,2164
Theft,Thefts,2022-04-01,2498,2307
Theft,Thefts,2022-05-01,2799,2570
Theft,Thefts,2022-06-01,3010,2769
Theft,Thefts,2022-07-01,3110,2973
Theft,Thefts,2022-08-01,3242,3121
Theft,Thefts,2022-09-01,3099,3150
Theft,Thefts,2022-10-01,3116,3152
Theft,Thefts,2022-11-01,2831,3015
Theft,Thefts,2022-12-01,2920,2956
Theft,Thefts,2023-01-01,2846,2866
Theft,Thefts,2023-02-01,2435,2734
Theft,Thefts,2023-03-01,2854,2712
Theft,Thefts,2023-04-01,2880,2723
Theft,Thefts,2023-05-01,3297,3010
Theft,Thefts,2023-06-01,3258,3145
Theft,Thefts,2023-07-01,3386,3314
Theft,Thefts,2023-08-01,3589,3411
Theft,Thefts,2023-09-01,3190,3388
Theft,Thefts,2023-10-01,731,2503
