district,population,placename,category,description,total19,total20,total21,total22,last12mos,total_prior3years,avg_prior3years,inc_19to21,inc_19tolast12,inc_21tolast12,inc_prior3yearavgtolast12,rate19,rate20,rate21,rate_last12,rate_prior3years
16,41000,"Powelton, Mantua and Parkside",Aggravated Assault,Aggravated Assault Firearm,96,164,183,118,137,443,147.7,90.6,42.7,-25.1,-7,234.1,400,446.3,334.1,360.2
16,41000,"Powelton, Mantua and Parkside",Aggravated Assault,Aggravated Assault No Firearm,206,181,175,170,184,562,187.3,-15,-10.7,5.1,-2,502.4,441.5,426.8,448.8,456.8
16,41000,"Powelton, Mantua and Parkside",Burglary,Burglary Non-Residential,28,79,29,38,42,136,45.3,3.6,50,44.8,-7,68.3,192.7,70.7,102.4,110.5
16,41000,"Powelton, Mantua and Parkside",Burglary,Burglary Residential,176,113,126,138,152,415,138.3,-28.4,-13.6,20.6,10,429.3,275.6,307.3,370.7,337.3
16,41000,"Powelton, Mantua and Parkside",Motor Vehicle Theft,Motor Vehicle Theft,61,88,293,297,340,442,147.3,380.3,457.4,16,131,148.8,214.6,714.6,829.3,359.3
16,41000,"Powelton, Mantua and Parkside",Murder,Homicide - Criminal,15,26,29,17,18,70,23.3,93.3,20,-37.9,-23,36.6,63.4,70.7,43.9,56.8
16,41000,"Powelton, Mantua and Parkside",Other,All Other Offenses,2844,1446,706,937,1035,4996,1665.3,-75.2,-63.6,46.6,-38,6936.6,3526.8,1722,2524.4,4061.7
16,41000,"Powelton, Mantua and Parkside",Other,Arson,20,26,24,17,17,70,23.3,20,-15,-29.2,-27,48.8,63.4,58.5,41.5,56.8
16,41000,"Powelton, Mantua and Parkside",Other,Disorderly Conduct,14,23,35,45,50,72,24,150,257.1,42.9,108,34.1,56.1,85.4,122,58.5
16,41000,"Powelton, Mantua and Parkside",Other,DRIVING UNDER THE INFLUENCE,79,56,47,20,23,182,60.7,-40.5,-70.9,-51.1,-62,192.7,136.6,114.6,56.1,148
16,41000,"Powelton, Mantua and Parkside",Other,Embezzlement,4,1,1,3,3,6,2,-75,-25,200,50,9.8,2.4,2.4,7.3,4.9
16,41000,"Powelton, Mantua and Parkside",Other,Forgery and Counterfeiting,0,2,0,0,0,2,0.7,NA,NA,NA,-100,0,4.9,0,0,1.7
16,41000,"Powelton, Mantua and Parkside",Other,Fraud,215,213,226,182,199,654,218,5.1,-7.4,-11.9,-9,524.4,519.5,551.2,485.4,531.7
16,41000,"Powelton, Mantua and Parkside",Other,Gambling Violations,0,2,0,0,0,2,0.7,NA,NA,NA,-100,0,4.9,0,0,1.7
16,41000,"Powelton, Mantua and Parkside",Other,Liquor Law Violations,4,2,3,2,2,9,3,-25,-50,-33.3,-33,9.8,4.9,7.3,4.9,7.3
16,41000,"Powelton, Mantua and Parkside",Other,Narcotic / Drug Law Violations,349,259,165,98,104,773,257.7,-52.7,-70.2,-37,-60,851.2,631.7,402.4,253.7,628.5
16,41000,"Powelton, Mantua and Parkside",Other,Offenses Against Family and Children,10,25,7,4,4,42,14,-30,-60,-42.9,-71,24.4,61,17.1,9.8,34.1
16,41000,"Powelton, Mantua and Parkside",Other,Other Assaults,675,637,695,636,712,2007,669,3,5.5,2.4,6,1646.3,1553.7,1695.1,1736.6,1631.7
16,41000,"Powelton, Mantua and Parkside",Other,Other Sex Offenses (Not Commercialized),37,26,31,25,28,94,31.3,-16.2,-24.3,-9.7,-11,90.2,63.4,75.6,68.3,76.3
16,41000,"Powelton, Mantua and Parkside",Other,Prostitution and Commercialized Vice,132,25,7,18,20,164,54.7,-94.7,-84.8,185.7,-63,322,61,17.1,48.8,133.4
16,41000,"Powelton, Mantua and Parkside",Other,Public Drunkenness,0,5,3,3,3,8,2.7,NA,NA,0,11,0,12.2,7.3,7.3,6.6
16,41000,"Powelton, Mantua and Parkside",Other,Receiving Stolen Property,2,0,19,40,41,21,7,850,1950,115.8,486,4.9,0,46.3,100,17.1
16,41000,"Powelton, Mantua and Parkside",Other,Vagrancy/Loitering,0,1,0,0,0,1,0.3,NA,NA,NA,-100,0,2.4,0,0,0.7
16,41000,"Powelton, Mantua and Parkside",Other,Vandalism/Criminal Mischief,442,482,523,432,464,1447,482.3,18.3,5,-11.3,-4,1078,1175.6,1275.6,1131.7,1176.3
16,41000,"Powelton, Mantua and Parkside",Other,Weapon Violations,125,143,191,114,128,459,153,52.8,2.4,-33,-16,304.9,348.8,465.9,312.2,373.2
16,41000,"Powelton, Mantua and Parkside",Robbery,Robbery Firearm,70,46,102,77,93,218,72.7,45.7,32.9,-8.8,28,170.7,112.2,248.8,226.8,177.3
16,41000,"Powelton, Mantua and Parkside",Robbery,Robbery No Firearm,99,95,72,66,72,266,88.7,-27.3,-27.3,0,-19,241.5,231.7,175.6,175.6,216.3
16,41000,"Powelton, Mantua and Parkside",Sexual Assault,Rape,42,25,27,13,14,94,31.3,-35.7,-66.7,-48.1,-55,102.4,61,65.9,34.1,76.3
16,41000,"Powelton, Mantua and Parkside",Theft,Theft from Vehicle,323,331,414,445,491,1068,356,28.2,52,18.6,38,787.8,807.3,1009.8,1197.6,868.3
16,41000,"Powelton, Mantua and Parkside",Theft,Thefts,716,596,615,818,897,1927,642.3,-14.1,25.3,45.9,40,1746.3,1453.7,1500,2187.8,1566.6
17,50000,South Philadelphia and Grays Ferry,Aggravated Assault,Aggravated Assault Firearm,77,72,58,62,65,207,69,-24.7,-15.6,12.1,-6,154,144,116,130,138
17,50000,South Philadelphia and Grays Ferry,Aggravated Assault,Aggravated Assault No Firearm,111,107,95,90,99,313,104.3,-14.4,-10.8,4.2,-5,222,214,190,198,208.6
17,50000,South Philadelphia and Grays Ferry,Burglary,Burglary Non-Residential,27,38,21,28,32,86,28.7,-22.2,18.5,52.4,11,54,76,42,64,57.4
17,50000,South Philadelphia and Grays Ferry,Burglary,Burglary Residential,227,135,139,97,111,501,167,-38.8,-51.1,-20.1,-34,454,270,278,222,334
17,50000,South Philadelphia and Grays Ferry,Motor Vehicle Theft,Motor Vehicle Theft,49,57,178,173,195,284,94.7,263.3,298,9.6,106,98,114,356,390,189.4
17,50000,South Philadelphia and Grays Ferry,Murder,Homicide - Criminal,5,17,10,5,6,32,10.7,100,20,-40,-44,10,34,20,12,21.4
17,50000,South Philadelphia and Grays Ferry,Other,All Other Offenses,963,266,157,140,153,1386,462,-83.7,-84.1,-2.5,-67,1926,532,314,306,924
17,50000,South Philadelphia and Grays Ferry,Other,Arson,7,15,8,7,9,30,10,14.3,28.6,12.5,-10,14,30,16,18,20
17,50000,South Philadelphia and Grays Ferry,Other,Disorderly Conduct,12,10,6,3,3,28,9.3,-50,-75,-50,-68,24,20,12,6,18.6
17,50000,South Philadelphia and Grays Ferry,Other,DRIVING UNDER THE INFLUENCE,38,42,31,25,29,111,37,-18.4,-23.7,-6.5,-22,76,84,62,58,74
17,50000,South Philadelphia and Grays Ferry,Other,Embezzlement,5,9,2,2,2,16,5.3,-60,-60,0,-62,10,18,4,4,10.6
17,50000,South Philadelphia and Grays Ferry,Other,Forgery and Counterfeiting,5,12,8,10,13,25,8.3,60,160,62.5,57,10,24,16,26,16.6
17,50000,South Philadelphia and Grays Ferry,Other,Fraud,242,237,334,352,395,813,271,38,63.2,18.3,46,484,474,668,790,542
17,50000,South Philadelphia and Grays Ferry,Other,Liquor Law Violations,0,1,0,0,0,1,0.3,NA,NA,NA,-100,0,2,0,0,0.6
17,50000,South Philadelphia and Grays Ferry,Other,Narcotic / Drug Law Violations,256,156,78,26,35,490,163.3,-69.5,-86.3,-55.1,-79,512,312,156,70,326.6
17,50000,South Philadelphia and Grays Ferry,Other,Offenses Against Family and Children,119,54,33,30,37,206,68.7,-72.3,-68.9,12.1,-46,238,108,66,74,137.4
17,50000,South Philadelphia and Grays Ferry,Other,Other Assaults,486,386,496,466,509,1368,456,2.1,4.7,2.6,12,972,772,992,1018,912
17,50000,South Philadelphia and Grays Ferry,Other,Other Sex Offenses (Not Commercialized),18,19,17,16,20,54,18,-5.6,11.1,17.6,11,36,38,34,40,36
17,50000,South Philadelphia and Grays Ferry,Other,Public Drunkenness,0,0,0,1,1,0,0,NA,NA,NA,NA,0,0,0,2,0
17,50000,South Philadelphia and Grays Ferry,Other,Receiving Stolen Property,0,0,6,16,19,6,2,NA,NA,216.7,850,0,0,12,38,4
17,50000,South Philadelphia and Grays Ferry,Other,Vandalism/Criminal Mischief,429,339,331,335,371,1099,366.3,-22.8,-13.5,12.1,1,858,678,662,742,732.6
17,50000,South Philadelphia and Grays Ferry,Other,Weapon Violations,82,94,70,51,54,246,82,-14.6,-34.1,-22.9,-34,164,188,140,108,164
17,50000,South Philadelphia and Grays Ferry,Robbery,Robbery Firearm,37,24,25,47,55,86,28.7,-32.4,48.6,120,92,74,48,50,110,57.4
17,50000,South Philadelphia and Grays Ferry,Robbery,Robbery No Firearm,84,78,46,60,63,208,69.3,-45.2,-25,37,-9,168,156,92,126,138.6
17,50000,South Philadelphia and Grays Ferry,Sexual Assault,Rape,20,10,19,12,16,49,16.3,-5,-20,-15.8,-2,40,20,38,32,32.6
17,50000,South Philadelphia and Grays Ferry,Theft,Theft from Vehicle,470,337,268,429,462,1075,358.3,-43,-1.7,72.4,29,940,674,536,924,716.6
17,50000,South Philadelphia and Grays Ferry,Theft,Thefts,886,973,866,884,962,2725,908.3,-2.3,8.6,11.1,6,1772,1946,1732,1924,1816.6
18,80000,University City and Cobbs Creek,Aggravated Assault,Aggravated Assault Firearm,115,172,195,150,166,482,160.7,69.6,44.3,-14.9,3,143.8,215,243.8,207.5,200.9
18,80000,University City and Cobbs Creek,Aggravated Assault,Aggravated Assault No Firearm,349,350,248,253,272,947,315.7,-28.9,-22.1,9.7,-14,436.2,437.5,310,340,394.6
18,80000,University City and Cobbs Creek,Burglary,Burglary Non-Residential,40,159,58,88,98,257,85.7,45,145,69,14,50,198.8,72.5,122.5,107.1
18,80000,University City and Cobbs Creek,Burglary,Burglary Residential,278,203,231,193,214,712,237.3,-16.9,-23,-7.4,-10,347.5,253.7,288.8,267.5,296.6
18,80000,University City and Cobbs Creek,Motor Vehicle Theft,Motor Vehicle Theft,66,131,388,502,563,585,195,487.9,753,45.1,189,82.5,163.8,485,703.8,243.8
18,80000,University City and Cobbs Creek,Murder,Homicide - Criminal,19,24,18,23,25,61,20.3,-5.3,31.6,38.9,23,23.8,30,22.5,31.2,25.4
18,80000,University City and Cobbs Creek,Other,All Other Offenses,2349,1171,775,742,794,4295,1431.7,-67,-66.2,2.5,-45,2936.2,1463.8,968.8,992.5,1789.6
18,80000,University City and Cobbs Creek,Other,Arson,22,21,45,23,25,88,29.3,104.5,13.6,-44.4,-15,27.5,26.2,56.2,31.2,36.6
18,80000,University City and Cobbs Creek,Other,Disorderly Conduct,82,65,26,12,12,173,57.7,-68.3,-85.4,-53.8,-79,102.5,81.2,32.5,15,72.1
18,80000,University City and Cobbs Creek,Other,DRIVING UNDER THE INFLUENCE,183,94,89,56,61,366,122,-51.4,-66.7,-31.5,-50,228.8,117.5,111.2,76.2,152.5
18,80000,University City and Cobbs Creek,Other,Embezzlement,15,3,0,4,4,18,6,-100,-73.3,NA,-33,18.8,3.7,0,5,7.5
18,80000,University City and Cobbs Creek,Other,Forgery and Counterfeiting,8,2,1,4,5,11,3.7,-87.5,-37.5,400,35,10,2.5,1.2,6.2,4.6
18,80000,University City and Cobbs Creek,Other,Fraud,481,387,414,278,312,1282,427.3,-13.9,-35.1,-24.6,-27,601.2,483.8,517.5,390,534.1
18,80000,University City and Cobbs Creek,Other,Gambling Violations,1,0,0,0,0,1,0.3,-100,-100,NA,-100,1.2,0,0,0,0.4
18,80000,University City and Cobbs Creek,Other,Liquor Law Violations,11,3,6,0,0,20,6.7,-45.5,-100,-100,-100,13.8,3.7,7.5,0,8.4
18,80000,University City and Cobbs Creek,Other,Narcotic / Drug Law Violations,533,345,140,98,102,1018,339.3,-73.7,-80.9,-27.1,-70,666.2,431.3,175,127.5,424.1
18,80000,University City and Cobbs Creek,Other,Offenses Against Family and Children,5,2,1,4,4,8,2.7,-80,-20,300,48,6.2,2.5,1.2,5,3.4
18,80000,University City and Cobbs Creek,Other,Other Assaults,1179,953,915,1071,1158,3047,1015.7,-22.4,-1.8,26.6,14,1473.8,1191.2,1143.8,1447.5,1269.6
18,80000,University City and Cobbs Creek,Other,Other Sex Offenses (Not Commercialized),52,34,45,46,51,131,43.7,-13.5,-1.9,13.3,17,65,42.5,56.2,63.8,54.6
18,80000,University City and Cobbs Creek,Other,Prostitution and Commercialized Vice,1,0,0,0,0,1,0.3,-100,-100,NA,-100,1.2,0,0,0,0.4
18,80000,University City and Cobbs Creek,Other,Public Drunkenness,7,2,2,0,0,11,3.7,-71.4,-100,-100,-100,8.8,2.5,2.5,0,4.6
18,80000,University City and Cobbs Creek,Other,Receiving Stolen Property,0,1,32,45,48,33,11,NA,NA,50,336,0,1.2,40,60,13.8
18,80000,University City and Cobbs Creek,Other,Vandalism/Criminal Mischief,665,681,623,637,706,1969,656.3,-6.3,6.2,13.3,8,831.2,851.2,778.8,882.5,820.4
18,80000,University City and Cobbs Creek,Other,Weapon Violations,166,224,219,226,247,609,203,31.9,48.8,12.8,22,207.5,280,273.8,308.8,253.7
18,80000,University City and Cobbs Creek,Robbery,Robbery Firearm,112,134,137,103,127,383,127.7,22.3,13.4,-7.3,-1,140,167.5,171.2,158.8,159.6
18,80000,University City and Cobbs Creek,Robbery,Robbery No Firearm,165,154,120,123,139,439,146.3,-27.3,-15.8,15.8,-5,206.2,192.5,150,173.8,182.9
18,80000,University City and Cobbs Creek,Sexual Assault,Rape,46,45,46,30,32,137,45.7,0,-30.4,-30.4,-30,57.5,56.2,57.5,40,57.1
18,80000,University City and Cobbs Creek,Theft,Theft from Vehicle,562,511,409,472,531,1482,494,-27.2,-5.5,29.8,7,702.5,638.8,511.2,663.8,617.5
18,80000,University City and Cobbs Creek,Theft,Thefts,1615,1190,1236,1714,1842,4041,1347,-23.5,14.1,49,37,2018.8,1487.5,1545,2302.5,1683.7
35,100000,Olney and Logan,Aggravated Assault,Aggravated Assault Firearm,236,260,297,252,285,793,264.3,25.8,20.8,-4,8,236,260,297,285,264.3
35,100000,Olney and Logan,Aggravated Assault,Aggravated Assault No Firearm,398,410,379,336,373,1187,395.7,-4.8,-6.3,-1.6,-6,398,410,379,373,395.7
35,100000,Olney and Logan,Burglary,Burglary Non-Residential,50,146,49,59,64,245,81.7,-2,28,30.6,-22,50,146,49,64,81.7
35,100000,Olney and Logan,Burglary,Burglary Residential,293,239,237,175,220,769,256.3,-19.1,-24.9,-7.2,-14,293,239,237,220,256.3
35,100000,Olney and Logan,Motor Vehicle Theft,Motor Vehicle Theft,115,143,477,735,799,735,245,314.8,594.8,67.5,226,115,143,477,799,245
35,100000,Olney and Logan,Murder,Homicide - Criminal,28,30,54,31,35,112,37.3,92.9,25,-35.2,-6,28,30,54,35,37.3
35,100000,Olney and Logan,Other,All Other Offenses,2163,1200,802,726,804,4165,1388.3,-62.9,-62.8,0.2,-42,2163,1200,802,804,1388.3
35,100000,Olney and Logan,Other,Arson,22,35,23,26,29,80,26.7,4.5,31.8,26.1,9,22,35,23,29,26.7
35,100000,Olney and Logan,Other,Disorderly Conduct,26,17,20,17,20,63,21,-23.1,-23.1,0,-5,26,17,20,20,21
35,100000,Olney and Logan,Other,DRIVING UNDER THE INFLUENCE,186,150,119,35,39,455,151.7,-36,-79,-67.2,-74,186,150,119,39,151.7
35,100000,Olney and Logan,Other,Embezzlement,11,6,3,5,5,20,6.7,-72.7,-54.5,66.7,-25,11,6,3,5,6.7
35,100000,Olney and Logan,Other,Forgery and Counterfeiting,6,5,10,21,23,21,7,66.7,283.3,130,229,6,5,10,23,7
35,100000,Olney and Logan,Other,Fraud,596,542,428,277,308,1566,522,-28.2,-48.3,-28,-41,596,542,428,308,522
35,100000,Olney and Logan,Other,Gambling Violations,0,1,6,0,0,7,2.3,NA,NA,-100,-100,0,1,6,0,2.3
35,100000,Olney and Logan,Other,Liquor Law Violations,12,2,4,3,3,18,6,-66.7,-75,-25,-50,12,2,4,3,6
35,100000,Olney and Logan,Other,Narcotic / Drug Law Violations,587,626,244,82,88,1457,485.7,-58.4,-85,-63.9,-82,587,626,244,88,485.7
35,100000,Olney and Logan,Other,Offenses Against Family and Children,301,179,46,6,6,526,175.3,-84.7,-98,-87,-97,301,179,46,6,175.3
35,100000,Olney and Logan,Other,Other Assaults,1932,1569,1780,1631,1815,5281,1760.3,-7.9,-6.1,2,3,1932,1569,1780,1815,1760.3
35,100000,Olney and Logan,Other,Other Sex Offenses (Not Commercialized),70,39,51,41,48,160,53.3,-27.1,-31.4,-5.9,-10,70,39,51,48,53.3
35,100000,Olney and Logan,Other,Prostitution and Commercialized Vice,19,0,0,1,1,19,6.3,-100,-94.7,NA,-84,19,0,0,1,6.3
35,100000,Olney and Logan,Other,Public Drunkenness,6,1,5,0,0,12,4,-16.7,-100,-100,-100,6,1,5,0,4
35,100000,Olney and Logan,Other,Receiving Stolen Property,1,0,19,42,46,20,6.7,1800,4500,142.1,587,1,0,19,46,6.7
35,100000,Olney and Logan,Other,Vagrancy/Loitering,6,6,2,1,1,14,4.7,-66.7,-83.3,-50,-79,6,6,2,1,4.7
35,100000,Olney and Logan,Other,Vandalism/Criminal Mischief,1131,1044,927,875,976,3102,1034,-18,-13.7,5.3,-6,1131,1044,927,976,1034
35,100000,Olney and Logan,Other,Weapon Violations,240,333,281,170,191,854,284.7,17.1,-20.4,-32,-33,240,333,281,191,284.7
35,100000,Olney and Logan,Robbery,Robbery Firearm,194,144,170,157,185,508,169.3,-12.4,-4.6,8.8,9,194,144,170,185,169.3
35,100000,Olney and Logan,Robbery,Robbery No Firearm,239,214,182,166,185,635,211.7,-23.8,-22.6,1.6,-13,239,214,182,185,211.7
35,100000,Olney and Logan,Sexual Assault,Rape,75,63,49,40,43,187,62.3,-34.7,-42.7,-12.2,-31,75,63,49,43,62.3
35,100000,Olney and Logan,Theft,Theft from Vehicle,723,708,485,605,661,1916,638.7,-32.9,-8.6,36.3,3,723,708,485,661,638.7
35,100000,Olney and Logan,Theft,Thefts,1155,938,1115,1543,1718,3208,1069.3,-3.5,48.7,54.1,61,1155,938,1115,1718,1069.3
39,61000,"East Falls, Tioga and Nicetown",Aggravated Assault,Aggravated Assault Firearm,278,292,312,267,303,882,294,12.2,9,-2.9,3,455.7,478.7,511.5,496.7,482
39,61000,"East Falls, Tioga and Nicetown",Aggravated Assault,Aggravated Assault No Firearm,393,326,328,285,314,1047,349,-16.5,-20.1,-4.3,-10,644.3,534.4,537.7,514.8,572.1
39,61000,"East Falls, Tioga and Nicetown",Burglary,Burglary Non-Residential,75,233,94,63,74,402,134,25.3,-1.3,-21.3,-45,123,382,154.1,121.3,219.7
39,61000,"East Falls, Tioga and Nicetown",Burglary,Burglary Residential,350,267,241,219,246,858,286,-31.1,-29.7,2.1,-14,573.8,437.7,395.1,403.3,468.9
39,61000,"East Falls, Tioga and Nicetown",Motor Vehicle Theft,Motor Vehicle Theft,103,117,475,518,570,695,231.7,361.2,453.4,20,146,168.9,191.8,778.7,934.4,379.8
39,61000,"East Falls, Tioga and Nicetown",Murder,Homicide - Criminal,28,43,46,30,35,117,39,64.3,25,-23.9,-10,45.9,70.5,75.4,57.4,63.9
39,61000,"East Falls, Tioga and Nicetown",Other,All Other Offenses,1501,858,548,701,740,2907,969,-63.5,-50.7,35,-24,2460.7,1406.6,898.4,1213.1,1588.5
39,61000,"East Falls, Tioga and Nicetown",Other,Arson,18,35,33,16,16,86,28.7,83.3,-11.1,-51.5,-44,29.5,57.4,54.1,26.2,47
39,61000,"East Falls, Tioga and Nicetown",Other,Disorderly Conduct,18,13,15,4,5,46,15.3,-16.7,-72.2,-66.7,-67,29.5,21.3,24.6,8.2,25.1
39,61000,"East Falls, Tioga and Nicetown",Other,DRIVING UNDER THE INFLUENCE,177,94,68,39,46,339,113,-61.6,-74,-32.4,-59,290.2,154.1,111.5,75.4,185.2
39,61000,"East Falls, Tioga and Nicetown",Other,Embezzlement,15,13,7,9,9,35,11.7,-53.3,-40,28.6,-23,24.6,21.3,11.5,14.8,19.2
39,61000,"East Falls, Tioga and Nicetown",Other,Forgery and Counterfeiting,17,13,16,30,31,46,15.3,-5.9,82.4,93.8,103,27.9,21.3,26.2,50.8,25.1
39,61000,"East Falls, Tioga and Nicetown",Other,Fraud,583,457,436,331,372,1476,492,-25.2,-36.2,-14.7,-24,955.7,749.2,714.8,609.8,806.6
39,61000,"East Falls, Tioga and Nicetown",Other,Gambling Violations,2,1,0,0,0,3,1,-100,-100,NA,-100,3.3,1.6,0,0,1.6
39,61000,"East Falls, Tioga and Nicetown",Other,Liquor Law Violations,2,4,9,9,9,15,5,350,350,0,80,3.3,6.6,14.8,14.8,8.2
39,61000,"East Falls, Tioga and Nicetown",Other,Narcotic / Drug Law Violations,564,308,236,143,149,1108,369.3,-58.2,-73.6,-36.9,-60,924.6,504.9,386.9,244.3,605.4
39,61000,"East Falls, Tioga and Nicetown",Other,Offenses Against Family and Children,8,7,5,2,2,20,6.7,-37.5,-75,-60,-70,13.1,11.5,8.2,3.3,11
39,61000,"East Falls, Tioga and Nicetown",Other,Other Assaults,1766,1420,1874,1619,1790,5060,1686.7,6.1,1.4,-4.5,6,2895.1,2327.9,3072.1,2934.4,2765.1
39,61000,"East Falls, Tioga and Nicetown",Other,Other Sex Offenses (Not Commercialized),47,37,42,49,53,126,42,-10.6,12.8,26.2,26,77,60.7,68.9,86.9,68.9
39,61000,"East Falls, Tioga and Nicetown",Other,Prostitution and Commercialized Vice,11,0,0,0,0,11,3.7,-100,-100,NA,-100,18,0,0,0,6.1
39,61000,"East Falls, Tioga and Nicetown",Other,Public Drunkenness,2,1,10,1,1,13,4.3,400,-50,-90,-77,3.3,1.6,16.4,1.6,7
39,61000,"East Falls, Tioga and Nicetown",Other,Receiving Stolen Property,5,2,33,46,52,40,13.3,560,940,57.6,291,8.2,3.3,54.1,85.2,21.8
39,61000,"East Falls, Tioga and Nicetown",Other,Vandalism/Criminal Mischief,838,826,804,742,816,2468,822.7,-4.1,-2.6,1.5,-1,1373.8,1354.1,1318,1337.7,1348.7
39,61000,"East Falls, Tioga and Nicetown",Other,Weapon Violations,193,293,299,167,193,785,261.7,54.9,0,-35.5,-26,316.4,480.3,490.2,316.4,429
39,61000,"East Falls, Tioga and Nicetown",Robbery,Robbery Firearm,127,114,127,154,174,368,122.7,0,37,37,42,208.2,186.9,208.2,285.2,201.1
39,61000,"East Falls, Tioga and Nicetown",Robbery,Robbery No Firearm,162,155,142,127,149,459,153,-12.3,-8,4.9,-3,265.6,254.1,232.8,244.3,250.8
39,61000,"East Falls, Tioga and Nicetown",Sexual Assault,Rape,63,42,58,38,43,163,54.3,-7.9,-31.7,-25.9,-21,103.3,68.9,95.1,70.5,89
39,61000,"East Falls, Tioga and Nicetown",Theft,Theft from Vehicle,657,623,599,563,648,1879,626.3,-8.8,-1.4,8.2,3,1077,1021.3,982,1062.3,1026.7
39,61000,"East Falls, Tioga and Nicetown",Theft,Thefts,1020,828,978,1068,1176,2826,942,-4.1,15.3,20.2,25,1672.1,1357.4,1603.3,1927.9,1544.3
01,37000,"Stadium District, Lower Moyamensing, Girard Estates and Navy Yard",Aggravated Assault,Aggravated Assault Firearm,36,60,52,41,50,148,49.3,44.4,38.9,-3.8,1,97.3,162.2,140.5,135.1,133.2
01,37000,"Stadium District, Lower Moyamensing, Girard Estates and Navy Yard",Aggravated Assault,Aggravated Assault No Firearm,82,81,86,83,92,249,83,4.9,12.2,7,11,221.6,218.9,232.4,248.6,224.3
01,37000,"Stadium District, Lower Moyamensing, Girard Estates and Navy Yard",Burglary,Burglary Non-Residential,16,33,53,73,85,102,34,231.2,431.2,60.4,150,43.2,89.2,143.2,229.7,91.9
01,37000,"Stadium District, Lower Moyamensing, Girard Estates and Navy Yard",Burglary,Burglary Residential,61,39,83,60,74,183,61,36.1,21.3,-10.8,21,164.9,105.4,224.3,200,164.9
01,37000,"Stadium District, Lower Moyamensing, Girard Estates and Navy Yard",Motor Vehicle Theft,Motor Vehicle Theft,34,27,109,170,182,170,56.7,220.6,435.3,67,221,91.9,73,294.6,491.9,153.2
01,37000,"Stadium District, Lower Moyamensing, Girard Estates and Navy Yard",Murder,Homicide - Criminal,9,5,8,12,15,22,7.3,-11.1,66.7,87.5,105,24.3,13.5,21.6,40.5,19.7
01,37000,"Stadium District, Lower Moyamensing, Girard Estates and Navy Yard",Other,All Other Offenses,484,152,157,128,143,793,264.3,-67.6,-70.5,-8.9,-46,1308.1,410.8,424.3,386.5,714.3
01,37000,"Stadium District, Lower Moyamensing, Girard Estates and Navy Yard",Other,Arson,9,6,6,4,7,21,7,-33.3,-22.2,16.7,0,24.3,16.2,16.2,18.9,18.9
01,37000,"Stadium District, Lower Moyamensing, Girard Estates and Navy Yard",Other,Disorderly Conduct,11,13,6,2,3,30,10,-45.5,-72.7,-50,-70,29.7,35.1,16.2,8.1,27
01,37000,"Stadium District, Lower Moyamensing, Girard Estates and Navy Yard",Other,DRIVING UNDER THE INFLUENCE,39,28,27,17,21,94,31.3,-30.8,-46.2,-22.2,-33,105.4,75.7,73,56.8,84.6
01,37000,"Stadium District, Lower Moyamensing, Girard Estates and Navy Yard",Other,Embezzlement,7,5,4,5,6,16,5.3,-42.9,-14.3,50,13,18.9,13.5,10.8,16.2,14.3
01,37000,"Stadium District, Lower Moyamensing, Girard Estates and Navy Yard",Other,Forgery and Counterfeiting,4,2,6,7,7,12,4,50,75,16.7,75,10.8,5.4,16.2,18.9,10.8
01,37000,"Stadium District, Lower Moyamensing, Girard Estates and Navy Yard",Other,Fraud,179,170,344,276,358,693,231,92.2,100,4.1,55,483.8,459.5,929.7,967.6,624.3
01,37000,"Stadium District, Lower Moyamensing, Girard Estates and Navy Yard",Other,Liquor Law Violations,0,1,1,1,1,2,0.7,NA,NA,0,43,0,2.7,2.7,2.7,1.9
01,37000,"Stadium District, Lower Moyamensing, Girard Estates and Navy Yard",Other,Narcotic / Drug Law Violations,105,60,15,8,8,180,60,-85.7,-92.4,-46.7,-87,283.8,162.2,40.5,21.6,162.2
01,37000,"Stadium District, Lower Moyamensing, Girard Estates and Navy Yard",Other,Offenses Against Family and Children,1,3,0,0,0,4,1.3,-100,-100,NA,-100,2.7,8.1,0,0,3.5
01,37000,"Stadium District, Lower Moyamensing, Girard Estates and Navy Yard",Other,Other Assaults,304,307,366,388,446,977,325.7,20.4,46.7,21.9,37,821.6,829.7,989.2,1205.4,880.3
01,37000,"Stadium District, Lower Moyamensing, Girard Estates and Navy Yard",Other,Other Sex Offenses (Not Commercialized),20,12,10,11,11,42,14,-50,-45,10,-21,54.1,32.4,27,29.7,37.8
01,37000,"Stadium District, Lower Moyamensing, Girard Estates and Navy Yard",Other,Prostitution and Commercialized Vice,1,0,0,0,0,1,0.3,-100,-100,NA,-100,2.7,0,0,0,0.8
01,37000,"Stadium District, Lower Moyamensing, Girard Estates and Navy Yard",Other,Public Drunkenness,0,0,1,1,1,1,0.3,NA,NA,0,233,0,0,2.7,2.7,0.8
01,37000,"Stadium District, Lower Moyamensing, Girard Estates and Navy Yard",Other,Receiving Stolen Property,0,1,3,6,6,4,1.3,NA,NA,100,362,0,2.7,8.1,16.2,3.5
01,37000,"Stadium District, Lower Moyamensing, Girard Estates and Navy Yard",Other,Vandalism/Criminal Mischief,272,221,215,261,285,708,236,-21,4.8,32.6,21,735.1,597.3,581.1,770.3,637.8
01,37000,"Stadium District, Lower Moyamensing, Girard Estates and Navy Yard",Other,Weapon Violations,43,48,32,20,22,123,41,-25.6,-48.8,-31.2,-46,116.2,129.7,86.5,59.5,110.8
01,37000,"Stadium District, Lower Moyamensing, Girard Estates and Navy Yard",Robbery,Robbery Firearm,30,34,34,58,64,98,32.7,13.3,113.3,88.2,96,81.1,91.9,91.9,173,88.4
01,37000,"Stadium District, Lower Moyamensing, Girard Estates and Navy Yard",Robbery,Robbery No Firearm,68,51,45,75,85,164,54.7,-33.8,25,88.9,55,183.8,137.8,121.6,229.7,147.8
01,37000,"Stadium District, Lower Moyamensing, Girard Estates and Navy Yard",Sexual Assault,Rape,18,9,4,7,7,31,10.3,-77.8,-61.1,75,-32,48.6,24.3,10.8,18.9,27.8
01,37000,"Stadium District, Lower Moyamensing, Girard Estates and Navy Yard",Theft,Theft from Vehicle,296,248,206,273,314,750,250,-30.4,6.1,52.4,26,800,670.3,556.8,848.6,675.7
01,37000,"Stadium District, Lower Moyamensing, Girard Estates and Navy Yard",Theft,Thefts,437,400,529,875,940,1366,455.3,21.1,115.1,77.7,106,1181.1,1081.1,1429.7,2540.5,1230.5
02,115000,Bustleton,Aggravated Assault,Aggravated Assault Firearm,80,137,130,118,133,347,115.7,62.5,66.2,2.3,15,69.6,119.1,113,115.7,100.6
02,115000,Bustleton,Aggravated Assault,Aggravated Assault No Firearm,212,215,211,156,173,638,212.7,-0.5,-18.4,-18,-19,184.3,187,183.5,150.4,185
02,115000,Bustleton,Burglary,Burglary Non-Residential,52,191,60,72,78,303,101,15.4,50,30,-23,45.2,166.1,52.2,67.8,87.8
02,115000,Bustleton,Burglary,Burglary Residential,167,123,170,124,152,460,153.3,1.8,-9,-10.6,-1,145.2,107,147.8,132.2,133.3
02,115000,Bustleton,Motor Vehicle Theft,Motor Vehicle Theft,94,95,432,674,748,621,207,359.6,695.7,73.1,261,81.7,82.6,375.7,650.4,180
02,115000,Bustleton,Murder,Homicide - Criminal,7,13,12,21,22,32,10.7,71.4,214.3,83.3,106,6.1,11.3,10.4,19.1,9.3
02,115000,Bustleton,Other,All Other Offenses,747,469,346,332,357,1562,520.7,-53.7,-52.2,3.2,-31,649.6,407.8,300.9,310.4,452.8
02,115000,Bustleton,Other,Arson,28,24,32,18,22,84,28,14.3,-21.4,-31.2,-21,24.3,20.9,27.8,19.1,24.3
02,115000,Bustleton,Other,Disorderly Conduct,13,4,5,9,10,22,7.3,-61.5,-23.1,100,37,11.3,3.5,4.3,8.7,6.3
02,115000,Bustleton,Other,DRIVING UNDER THE INFLUENCE,96,54,57,26,29,207,69,-40.6,-69.8,-49.1,-58,83.5,47,49.6,25.2,60
02,115000,Bustleton,Other,Embezzlement,25,13,9,23,23,47,15.7,-64,-8,155.6,46,21.7,11.3,7.8,20,13.7
02,115000,Bustleton,Other,Forgery and Counterfeiting,8,3,11,19,22,22,7.3,37.5,175,100,201,7,2.6,9.6,19.1,6.3
02,115000,Bustleton,Other,Fraud,515,447,541,527,576,1503,501,5,11.8,6.5,15,447.8,388.7,470.4,500.9,435.7
02,115000,Bustleton,Other,Gambling Violations,4,0,0,0,0,4,1.3,-100,-100,NA,-100,3.5,0,0,0,1.1
02,115000,Bustleton,Other,Liquor Law Violations,4,4,2,2,2,10,3.3,-50,-50,0,-39,3.5,3.5,1.7,1.7,2.9
02,115000,Bustleton,Other,Narcotic / Drug Law Violations,144,323,263,92,114,730,243.3,82.6,-20.8,-56.7,-53,125.2,280.9,228.7,99.1,211.6
02,115000,Bustleton,Other,Offenses Against Family and Children,3,3,3,6,6,9,3,0,100,100,100,2.6,2.6,2.6,5.2,2.6
02,115000,Bustleton,Other,Other Assaults,1137,904,1201,1203,1318,3242,1080.7,5.6,15.9,9.7,22,988.7,786.1,1044.3,1146.1,939.7
02,115000,Bustleton,Other,Other Sex Offenses (Not Commercialized),50,43,55,46,53,148,49.3,10,6,-3.6,8,43.5,37.4,47.8,46.1,42.9
02,115000,Bustleton,Other,Prostitution and Commercialized Vice,5,1,1,2,2,7,2.3,-80,-60,100,-13,4.3,0.9,0.9,1.7,2
02,115000,Bustleton,Other,Public Drunkenness,1,0,0,0,0,1,0.3,-100,-100,NA,-100,0.9,0,0,0,0.3
02,115000,Bustleton,Other,Receiving Stolen Property,2,2,16,23,26,20,6.7,700,1200,62.5,288,1.7,1.7,13.9,22.6,5.8
02,115000,Bustleton,Other,Vandalism/Criminal Mischief,747,726,626,608,675,2099,699.7,-16.2,-9.6,7.8,-4,649.6,631.3,544.3,587,608.4
02,115000,Bustleton,Other,Weapon Violations,60,98,110,81,97,268,89.3,83.3,61.7,-11.8,9,52.2,85.2,95.7,84.3,77.7
02,115000,Bustleton,Robbery,Robbery Firearm,105,117,189,211,253,411,137,80,141,33.9,85,91.3,101.7,164.3,220,119.1
02,115000,Bustleton,Robbery,Robbery No Firearm,138,111,128,147,160,377,125.7,-7.2,15.9,25,27,120,96.5,111.3,139.1,109.3
02,115000,Bustleton,Sexual Assault,Rape,57,53,31,31,36,141,47,-45.6,-36.8,16.1,-23,49.6,46.1,27,31.3,40.9
02,115000,Bustleton,Theft,Theft from Vehicle,820,712,645,733,829,2177,725.7,-21.3,1.1,28.5,14,713,619.1,560.9,720.9,631
02,115000,Bustleton,Theft,Thefts,1308,1105,1459,1816,1990,3872,1290.7,11.5,52.1,36.4,54,1137.4,960.9,1268.7,1730.4,1122.3
03,93000,Whitman,Aggravated Assault,Aggravated Assault Firearm,73,60,62,64,68,195,65,-15.1,-6.8,9.7,5,78.5,64.5,66.7,73.1,69.9
03,93000,Whitman,Aggravated Assault,Aggravated Assault No Firearm,187,165,175,153,166,527,175.7,-6.4,-11.2,-5.1,-6,201.1,177.4,188.2,178.5,188.9
03,93000,Whitman,Burglary,Burglary Non-Residential,115,119,106,127,145,340,113.3,-7.8,26.1,36.8,28,123.7,128,114,155.9,121.8
03,93000,Whitman,Burglary,Burglary Residential,191,122,107,112,127,420,140,-44,-33.5,18.7,-9,205.4,131.2,115.1,136.6,150.5
03,93000,Whitman,Motor Vehicle Theft,Motor Vehicle Theft,68,80,283,379,422,431,143.7,316.2,520.6,49.1,194,73.1,86,304.3,453.8,154.5
03,93000,Whitman,Murder,Homicide - Criminal,4,5,14,13,14,23,7.7,250,250,0,82,4.3,5.4,15.1,15.1,8.3
03,93000,Whitman,Other,All Other Offenses,1617,1170,588,362,395,3375,1125,-63.6,-75.6,-32.8,-65,1738.7,1258.1,632.3,424.7,1209.7
03,93000,Whitman,Other,Arson,11,15,15,14,15,41,13.7,36.4,36.4,0,9,11.8,16.1,16.1,16.1,14.7
03,93000,Whitman,Other,Disorderly Conduct,36,7,26,21,26,69,23,-27.8,-27.8,0,13,38.7,7.5,28,28,24.7
03,93000,Whitman,Other,DRIVING UNDER THE INFLUENCE,157,66,49,35,39,272,90.7,-68.8,-75.2,-20.4,-57,168.8,71,52.7,41.9,97.5
03,93000,Whitman,Other,Embezzlement,43,18,13,10,13,74,24.7,-69.8,-69.8,0,-47,46.2,19.4,14,14,26.6
03,93000,Whitman,Other,Forgery and Counterfeiting,17,16,13,10,11,46,15.3,-23.5,-35.3,-15.4,-28,18.3,17.2,14,11.8,16.5
03,93000,Whitman,Other,Fraud,439,382,388,315,358,1209,403,-11.6,-18.5,-7.7,-11,472,410.8,417.2,384.9,433.3
03,93000,Whitman,Other,Liquor Law Violations,31,3,9,4,4,43,14.3,-71,-87.1,-55.6,-72,33.3,3.2,9.7,4.3,15.4
03,93000,Whitman,Other,Narcotic / Drug Law Violations,196,72,38,46,50,306,102,-80.6,-74.5,31.6,-51,210.8,77.4,40.9,53.8,109.7
03,93000,Whitman,Other,Offenses Against Family and Children,5,2,5,2,2,12,4,0,-60,-60,-50,5.4,2.2,5.4,2.2,4.3
03,93000,Whitman,Other,Other Assaults,881,826,885,769,862,2592,864,0.5,-2.2,-2.6,-0,947.3,888.2,951.6,926.9,929
03,93000,Whitman,Other,Other Sex Offenses (Not Commercialized),48,38,25,37,39,111,37,-47.9,-18.8,56,5,51.6,40.9,26.9,41.9,39.8
03,93000,Whitman,Other,Prostitution and Commercialized Vice,26,3,2,3,3,31,10.3,-92.3,-88.5,50,-71,28,3.2,2.2,3.2,11.1
03,93000,Whitman,Other,Public Drunkenness,1,0,0,3,3,1,0.3,-100,200,NA,900,1.1,0,0,3.2,0.3
03,93000,Whitman,Other,Receiving Stolen Property,0,0,13,27,30,13,4.3,NA,NA,130.8,598,0,0,14,32.3,4.6
03,93000,Whitman,Other,Vandalism/Criminal Mischief,564,561,517,668,720,1642,547.3,-8.3,27.7,39.3,32,606.5,603.2,555.9,774.2,588.5
03,93000,Whitman,Other,Weapon Violations,66,55,56,49,52,177,59,-15.2,-21.2,-7.1,-12,71,59.1,60.2,55.9,63.4
03,93000,Whitman,Robbery,Robbery Firearm,82,52,89,84,100,223,74.3,8.5,22,12.4,35,88.2,55.9,95.7,107.5,79.9
03,93000,Whitman,Robbery,Robbery No Firearm,178,118,107,127,139,403,134.3,-39.9,-21.9,29.9,3,191.4,126.9,115.1,149.5,144.4
03,93000,Whitman,Sexual Assault,Rape,30,18,32,24,24,80,26.7,6.7,-20,-25,-10,32.3,19.4,34.4,25.8,28.7
03,93000,Whitman,Theft,Theft from Vehicle,750,752,789,1196,1326,2291,763.7,5.2,76.8,68.1,74,806.5,808.6,848.4,1425.8,821.2
03,93000,Whitman,Theft,Thefts,1353,1245,1436,1866,2048,4034,1344.7,6.1,51.4,42.6,52,1454.8,1338.7,1544.1,2202.2,1445.9
19,86000,"Overbrook, Wynnefield and Overbrook Park",Aggravated Assault,Aggravated Assault Firearm,221,315,296,252,282,832,277.3,33.9,27.6,-4.7,2,257,366.3,344.2,327.9,322.4
19,86000,"Overbrook, Wynnefield and Overbrook Park",Aggravated Assault,Aggravated Assault No Firearm,363,406,358,279,317,1127,375.7,-1.4,-12.7,-11.5,-16,422.1,472.1,416.3,368.6,436.9
19,86000,"Overbrook, Wynnefield and Overbrook Park",Burglary,Burglary Non-Residential,76,218,63,71,81,357,119,-17.1,6.6,28.6,-32,88.4,253.5,73.3,94.2,138.4
19,86000,"Overbrook, Wynnefield and Overbrook Park",Burglary,Burglary Residential,299,233,247,207,233,779,259.7,-17.4,-22.1,-5.7,-10,347.7,270.9,287.2,270.9,302
19,86000,"Overbrook, Wynnefield and Overbrook Park",Motor Vehicle Theft,Motor Vehicle Theft,120,138,429,565,649,687,229,257.5,440.8,51.3,183,139.5,160.5,498.8,754.7,266.3
19,86000,"Overbrook, Wynnefield and Overbrook Park",Murder,Homicide - Criminal,26,34,35,28,31,95,31.7,34.6,19.2,-11.4,-2,30.2,39.5,40.7,36,36.9
19,86000,"Overbrook, Wynnefield and Overbrook Park",Other,All Other Offenses,2775,874,737,538,601,4386,1462,-73.4,-78.3,-18.5,-59,3226.7,1016.3,857,698.8,1700
19,86000,"Overbrook, Wynnefield and Overbrook Park",Other,Arson,22,25,33,19,20,80,26.7,50,-9.1,-39.4,-25,25.6,29.1,38.4,23.3,31
19,86000,"Overbrook, Wynnefield and Overbrook Park",Other,Disorderly Conduct,9,16,14,13,13,39,13,55.6,44.4,-7.1,0,10.5,18.6,16.3,15.1,15.1
19,86000,"Overbrook, Wynnefield and Overbrook Park",Other,DRIVING UNDER THE INFLUENCE,162,90,81,38,46,333,111,-50,-71.6,-43.2,-59,188.4,104.7,94.2,53.5,129.1
19,86000,"Overbrook, Wynnefield and Overbrook Park",Other,Embezzlement,42,17,7,10,12,66,22,-83.3,-71.4,71.4,-45,48.8,19.8,8.1,14,25.6
19,86000,"Overbrook, Wynnefield and Overbrook Park",Other,Forgery and Counterfeiting,13,4,9,7,7,26,8.7,-30.8,-46.2,-22.2,-20,15.1,4.7,10.5,8.1,10.1
19,86000,"Overbrook, Wynnefield and Overbrook Park",Other,Fraud,657,683,685,404,445,2025,675,4.3,-32.3,-35,-34,764,794.2,796.5,517.4,784.9
19,86000,"Overbrook, Wynnefield and Overbrook Park",Other,Liquor Law Violations,10,2,10,5,6,22,7.3,0,-40,-40,-18,11.6,2.3,11.6,7,8.5
19,86000,"Overbrook, Wynnefield and Overbrook Park",Other,Narcotic / Drug Law Violations,625,273,110,138,142,1008,336,-82.4,-77.3,29.1,-58,726.7,317.4,127.9,165.1,390.7
19,86000,"Overbrook, Wynnefield and Overbrook Park",Other,Offenses Against Family and Children,19,15,10,4,6,44,14.7,-47.4,-68.4,-40,-59,22.1,17.4,11.6,7,17.1
19,86000,"Overbrook, Wynnefield and Overbrook Park",Other,Other Assaults,2023,1938,2026,1895,2106,5987,1995.7,0.1,4.1,3.9,6,2352.3,2253.5,2355.8,2448.8,2320.6
19,86000,"Overbrook, Wynnefield and Overbrook Park",Other,Other Sex Offenses (Not Commercialized),61,36,36,44,49,133,44.3,-41,-19.7,36.1,11,70.9,41.9,41.9,57,51.5
19,86000,"Overbrook, Wynnefield and Overbrook Park",Other,Prostitution and Commercialized Vice,2,0,1,2,3,3,1,-50,50,200,200,2.3,0,1.2,3.5,1.2
19,86000,"Overbrook, Wynnefield and Overbrook Park",Other,Public Drunkenness,0,0,5,2,2,5,1.7,NA,NA,-60,18,0,0,5.8,2.3,2
19,86000,"Overbrook, Wynnefield and Overbrook Park",Other,Receiving Stolen Property,3,3,41,42,49,47,15.7,1266.7,1533.3,19.5,212,3.5,3.5,47.7,57,18.3
19,86000,"Overbrook, Wynnefield and Overbrook Park",Other,Vagrancy/Loitering,5,0,1,0,1,6,2,-80,-80,0,-50,5.8,0,1.2,1.2,2.3
19,86000,"Overbrook, Wynnefield and Overbrook Park",Other,Vandalism/Criminal Mischief,944,963,993,876,983,2900,966.7,5.2,4.1,-1,2,1097.7,1119.8,1154.7,1143,1124.1
19,86000,"Overbrook, Wynnefield and Overbrook Park",Other,Weapon Violations,192,286,290,202,224,768,256,51,16.7,-22.8,-12,223.3,332.6,337.2,260.5,297.7
19,86000,"Overbrook, Wynnefield and Overbrook Park",Robbery,Robbery Firearm,138,103,155,131,154,396,132,12.3,11.6,-0.6,17,160.5,119.8,180.2,179.1,153.5
19,86000,"Overbrook, Wynnefield and Overbrook Park",Robbery,Robbery No Firearm,166,137,87,94,107,390,130,-47.6,-35.5,23,-18,193,159.3,101.2,124.4,151.2
19,86000,"Overbrook, Wynnefield and Overbrook Park",Sexual Assault,Rape,71,46,44,34,37,161,53.7,-38,-47.9,-15.9,-31,82.6,53.5,51.2,43,62.4
19,86000,"Overbrook, Wynnefield and Overbrook Park",Theft,Theft from Vehicle,524,444,461,582,657,1429,476.3,-12,25.4,42.5,38,609.3,516.3,536,764,553.8
19,86000,"Overbrook, Wynnefield and Overbrook Park",Theft,Thefts,1210,1075,1164,1277,1428,3449,1149.7,-3.8,18,22.7,24,1407,1250,1353.5,1660.5,1336.9
22,77000,Strawberry Mansion and Stanton,Aggravated Assault,Aggravated Assault Firearm,237,346,405,331,374,988,329.3,70.9,57.8,-7.7,14,307.8,449.4,526,485.7,427.7
22,77000,Strawberry Mansion and Stanton,Aggravated Assault,Aggravated Assault No Firearm,475,477,429,364,401,1381,460.3,-9.7,-15.6,-6.5,-13,616.9,619.5,557.1,520.8,597.8
22,77000,Strawberry Mansion and Stanton,Burglary,Burglary Non-Residential,51,187,121,88,103,359,119.7,137.3,102,-14.9,-14,66.2,242.9,157.1,133.8,155.5
22,77000,Strawberry Mansion and Stanton,Burglary,Burglary Residential,588,519,441,417,471,1548,516,-25,-19.9,6.8,-9,763.6,674,572.7,611.7,670.1
22,77000,Strawberry Mansion and Stanton,Motor Vehicle Theft,Motor Vehicle Theft,108,184,611,821,900,903,301,465.7,733.3,47.3,199,140.3,239,793.5,1168.8,390.9
22,77000,Strawberry Mansion and Stanton,Murder,Homicide - Criminal,33,56,71,47,54,160,53.3,115.2,63.6,-23.9,1,42.9,72.7,92.2,70.1,69.2
22,77000,Strawberry Mansion and Stanton,Other,All Other Offenses,1452,723,694,636,710,2869,956.3,-52.2,-51.1,2.3,-26,1885.7,939,901.3,922.1,1241.9
22,77000,Strawberry Mansion and Stanton,Other,Arson,34,62,49,35,39,145,48.3,44.1,14.7,-20.4,-19,44.2,80.5,63.6,50.6,62.7
22,77000,Strawberry Mansion and Stanton,Other,Disorderly Conduct,28,19,20,14,15,67,22.3,-28.6,-46.4,-25,-33,36.4,24.7,26,19.5,29
22,77000,Strawberry Mansion and Stanton,Other,DRIVING UNDER THE INFLUENCE,197,127,120,45,54,444,148,-39.1,-72.6,-55,-64,255.8,164.9,155.8,70.1,192.2
22,77000,Strawberry Mansion and Stanton,Other,Embezzlement,9,5,2,5,5,16,5.3,-77.8,-44.4,150,-6,11.7,6.5,2.6,6.5,6.9
22,77000,Strawberry Mansion and Stanton,Other,Forgery and Counterfeiting,9,4,4,9,10,17,5.7,-55.6,11.1,150,75,11.7,5.2,5.2,13,7.4
22,77000,Strawberry Mansion and Stanton,Other,Fraud,633,458,444,270,304,1535,511.7,-29.9,-52,-31.5,-41,822.1,594.8,576.6,394.8,664.5
22,77000,Strawberry Mansion and Stanton,Other,Gambling Violations,47,5,0,0,0,52,17.3,-100,-100,NA,-100,61,6.5,0,0,22.5
22,77000,Strawberry Mansion and Stanton,Other,Liquor Law Violations,6,5,7,2,2,18,6,16.7,-66.7,-71.4,-67,7.8,6.5,9.1,2.6,7.8
22,77000,Strawberry Mansion and Stanton,Other,Narcotic / Drug Law Violations,582,316,147,172,209,1045,348.3,-74.7,-64.1,42.2,-40,755.8,410.4,190.9,271.4,452.3
22,77000,Strawberry Mansion and Stanton,Other,Offenses Against Family and Children,5,9,11,3,6,25,8.3,120,20,-45.5,-28,6.5,11.7,14.3,7.8,10.8
22,77000,Strawberry Mansion and Stanton,Other,Other Assaults,1957,1784,2180,1918,2141,5921,1973.7,11.4,9.4,-1.8,8,2541.6,2316.9,2831.2,2780.5,2563.2
22,77000,Strawberry Mansion and Stanton,Other,Other Sex Offenses (Not Commercialized),54,48,75,61,72,177,59,38.9,33.3,-4,22,70.1,62.3,97.4,93.5,76.6
22,77000,Strawberry Mansion and Stanton,Other,Prostitution and Commercialized Vice,3,1,1,1,1,5,1.7,-66.7,-66.7,0,-41,3.9,1.3,1.3,1.3,2.2
22,77000,Strawberry Mansion and Stanton,Other,Public Drunkenness,23,1,0,4,4,24,8,-100,-82.6,NA,-50,29.9,1.3,0,5.2,10.4
22,77000,Strawberry Mansion and Stanton,Other,Receiving Stolen Property,0,1,21,44,46,22,7.3,NA,NA,119,530,0,1.3,27.3,59.7,9.5
22,77000,Strawberry Mansion and Stanton,Other,Vandalism/Criminal Mischief,1275,1184,1258,1168,1288,3717,1239,-1.3,1,2.4,4,1655.8,1537.7,1633.8,1672.7,1609.1
22,77000,Strawberry Mansion and Stanton,Other,Weapon Violations,196,294,287,244,261,777,259,46.4,33.2,-9.1,1,254.5,381.8,372.7,339,336.4
22,77000,Strawberry Mansion and Stanton,Robbery,Robbery Firearm,208,147,193,244,284,548,182.7,-7.2,36.5,47.2,55,270.1,190.9,250.6,368.8,237.3
22,77000,Strawberry Mansion and Stanton,Robbery,Robbery No Firearm,254,220,177,205,222,651,217,-30.3,-12.6,25.4,2,329.9,285.7,229.9,288.3,281.8
22,77000,Strawberry Mansion and Stanton,Sexual Assault,Rape,85,70,78,61,67,233,77.7,-8.2,-21.2,-14.1,-14,110.4,90.9,101.3,87,100.9
22,77000,Strawberry Mansion and Stanton,Theft,Theft from Vehicle,962,842,902,984,1065,2706,902,-6.2,10.7,18.1,18,1249.4,1093.5,1171.4,1383.1,1171.4
22,77000,Strawberry Mansion and Stanton,Theft,Thefts,1450,1137,1385,1609,1741,3972,1324,-4.5,20.1,25.7,31,1883.1,1476.6,1798.7,2261,1719.5
24,67000,Richmond and Port Richmond,Aggravated Assault,Aggravated Assault Firearm,206,389,308,270,302,903,301,49.5,46.6,-1.9,0,307.5,580.6,459.7,450.7,449.3
24,67000,Richmond and Port Richmond,Aggravated Assault,Aggravated Assault No Firearm,476,448,424,347,377,1348,449.3,-10.9,-20.8,-11.1,-16,710.4,668.7,632.8,562.7,670.6
24,67000,Richmond and Port Richmond,Burglary,Burglary Non-Residential,85,284,83,131,149,452,150.7,-2.4,75.3,79.5,-1,126.9,423.9,123.9,222.4,224.9
24,67000,Richmond and Port Richmond,Burglary,Burglary Residential,192,166,150,153,167,508,169.3,-21.9,-13,11.3,-1,286.6,247.8,223.9,249.3,252.7
24,67000,Richmond and Port Richmond,Motor Vehicle Theft,Motor Vehicle Theft,120,187,558,601,660,865,288.3,365,450,18.3,129,179.1,279.1,832.8,985.1,430.3
24,67000,Richmond and Port Richmond,Murder,Homicide - Criminal,27,60,75,51,62,162,54,177.8,129.6,-17.3,15,40.3,89.6,111.9,92.5,80.6
24,67000,Richmond and Port Richmond,Murder,Homicide - Justifiable,0,0,1,0,0,1,0.3,NA,NA,-100,-100,0,0,1.5,0,0.4
24,67000,Richmond and Port Richmond,Other,All Other Offenses,3596,1116,516,484,519,5228,1742.7,-85.7,-85.6,0.6,-70,5367.2,1665.7,770.1,774.6,2601
24,67000,Richmond and Port Richmond,Other,Arson,39,43,66,49,57,148,49.3,69.2,46.2,-13.6,16,58.2,64.2,98.5,85.1,73.6
24,67000,Richmond and Port Richmond,Other,Disorderly Conduct,429,364,62,26,26,855,285,-85.5,-93.9,-58.1,-91,640.3,543.3,92.5,38.8,425.4
24,67000,Richmond and Port Richmond,Other,DRIVING UNDER THE INFLUENCE,195,205,217,145,149,617,205.7,11.3,-23.6,-31.3,-28,291,306,323.9,222.4,307
24,67000,Richmond and Port Richmond,Other,Embezzlement,19,12,9,14,14,40,13.3,-52.6,-26.3,55.6,5,28.4,17.9,13.4,20.9,19.9
24,67000,Richmond and Port Richmond,Other,Forgery and Counterfeiting,11,10,4,3,4,25,8.3,-63.6,-63.6,0,-52,16.4,14.9,6,6,12.4
24,67000,Richmond and Port Richmond,Other,Fraud,481,417,336,235,262,1234,411.3,-30.1,-45.5,-22,-36,717.9,622.4,501.5,391,613.9
24,67000,Richmond and Port Richmond,Other,Gambling Violations,0,0,1,0,0,1,0.3,NA,NA,-100,-100,0,0,1.5,0,0.4
24,67000,Richmond and Port Richmond,Other,Liquor Law Violations,2,3,4,5,5,9,3,100,150,25,67,3,4.5,6,7.5,4.5
24,67000,Richmond and Port Richmond,Other,Narcotic / Drug Law Violations,2625,1431,1179,723,776,5235,1745,-55.1,-70.4,-34.2,-56,3917.9,2135.8,1759.7,1158.2,2604.5
24,67000,Richmond and Port Richmond,Other,Offenses Against Family and Children,12,11,4,6,7,27,9,-66.7,-41.7,75,-22,17.9,16.4,6,10.4,13.4
24,67000,Richmond and Port Richmond,Other,Other Assaults,1547,1342,1148,1078,1182,4037,1345.7,-25.8,-23.6,3,-12,2309,2003,1713.4,1764.2,2008.5
24,67000,Richmond and Port Richmond,Other,Other Sex Offenses (Not Commercialized),48,44,37,42,43,129,43,-22.9,-10.4,16.2,0,71.6,65.7,55.2,64.2,64.2
24,67000,Richmond and Port Richmond,Other,Prostitution and Commercialized Vice,199,68,17,85,91,284,94.7,-91.5,-54.3,435.3,-4,297,101.5,25.4,135.8,141.3
24,67000,Richmond and Port Richmond,Other,Public Drunkenness,73,26,6,0,0,105,35,-91.8,-100,-100,-100,109,38.8,9,0,52.2
24,67000,Richmond and Port Richmond,Other,Receiving Stolen Property,1,4,129,132,149,134,44.7,12800,14800,15.5,233,1.5,6,192.5,222.4,66.7
24,67000,Richmond and Port Richmond,Other,Vagrancy/Loitering,1,0,0,0,0,1,0.3,-100,-100,NA,-100,1.5,0,0,0,0.4
24,67000,Richmond and Port Richmond,Other,Vandalism/Criminal Mischief,734,764,701,631,694,2199,733,-4.5,-5.4,-1,-5,1095.5,1140.3,1046.3,1035.8,1094
24,67000,Richmond and Port Richmond,Other,Weapon Violations,201,274,387,276,302,862,287.3,92.5,50.2,-22,5,300,409,577.6,450.7,428.8
24,67000,Richmond and Port Richmond,Robbery,Robbery Firearm,149,169,185,218,252,503,167.7,24.2,69.1,36.2,50,222.4,252.2,276.1,376.1,250.3
24,67000,Richmond and Port Richmond,Robbery,Robbery No Firearm,298,298,259,266,297,855,285,-13.1,-0.3,14.7,4,444.8,444.8,386.6,443.3,425.4
24,67000,Richmond and Port Richmond,Sexual Assault,Rape,70,59,39,40,44,168,56,-44.3,-37.1,12.8,-21,104.5,88.1,58.2,65.7,83.6
24,67000,Richmond and Port Richmond,Theft,Theft from Vehicle,612,694,662,618,698,1968,656,8.2,14.1,5.4,6,913.4,1035.8,988.1,1041.8,979.1
24,67000,Richmond and Port Richmond,Theft,Thefts,1131,1074,1689,1534,1731,3894,1298,49.3,53.1,2.5,33,1688.1,1603,2520.9,2583.6,1937.3
25,68000,Kensington and Harrowgate,Aggravated Assault,Aggravated Assault Firearm,255,369,362,341,373,986,328.7,42,46.3,3,13,375,542.6,532.4,548.5,483.4
25,68000,Kensington and Harrowgate,Aggravated Assault,Aggravated Assault No Firearm,482,536,459,403,439,1477,492.3,-4.8,-8.9,-4.4,-11,708.8,788.2,675,645.6,724
25,68000,Kensington and Harrowgate,Burglary,Burglary Non-Residential,63,220,59,97,101,342,114,-6.3,60.3,71.2,-11,92.6,323.5,86.8,148.5,167.6
25,68000,Kensington and Harrowgate,Burglary,Burglary Residential,230,177,160,124,143,567,189,-30.4,-37.8,-10.6,-24,338.2,260.3,235.3,210.3,277.9
25,68000,Kensington and Harrowgate,Motor Vehicle Theft,Motor Vehicle Theft,130,211,539,590,652,880,293.3,314.6,401.5,21,122,191.2,310.3,792.6,958.8,431.3
25,68000,Kensington and Harrowgate,Murder,Homicide - Criminal,41,42,52,49,60,135,45,26.8,46.3,15.4,33,60.3,61.8,76.5,88.2,66.2
25,68000,Kensington and Harrowgate,Other,All Other Offenses,1314,844,597,685,752,2755,918.3,-54.6,-42.8,26,-18,1932.4,1241.2,877.9,1105.9,1350.4
25,68000,Kensington and Harrowgate,Other,Arson,41,51,65,53,56,157,52.3,58.5,36.6,-13.8,7,60.3,75,95.6,82.4,76.9
25,68000,Kensington and Harrowgate,Other,Disorderly Conduct,29,16,28,10,10,73,24.3,-3.4,-65.5,-64.3,-59,42.6,23.5,41.2,14.7,35.7
25,68000,Kensington and Harrowgate,Other,DRIVING UNDER THE INFLUENCE,178,186,238,112,124,602,200.7,33.7,-30.3,-47.9,-38,261.8,273.5,350,182.4,295.1
25,68000,Kensington and Harrowgate,Other,Embezzlement,14,8,5,14,14,27,9,-64.3,0,180,56,20.6,11.8,7.4,20.6,13.2
25,68000,Kensington and Harrowgate,Other,Forgery and Counterfeiting,11,3,4,4,4,18,6,-63.6,-63.6,0,-33,16.2,4.4,5.9,5.9,8.8
25,68000,Kensington and Harrowgate,Other,Fraud,410,381,298,218,240,1089,363,-27.3,-41.5,-19.5,-34,602.9,560.3,438.2,352.9,533.8
25,68000,Kensington and Harrowgate,Other,Gambling Violations,2,0,0,0,0,2,0.7,-100,-100,NA,-100,2.9,0,0,0,1
25,68000,Kensington and Harrowgate,Other,Liquor Law Violations,11,4,10,10,10,25,8.3,-9.1,-9.1,0,20,16.2,5.9,14.7,14.7,12.2
25,68000,Kensington and Harrowgate,Other,Narcotic / Drug Law Violations,1151,598,392,402,447,2141,713.7,-65.9,-61.2,14,-37,1692.6,879.4,576.5,657.4,1049.6
25,68000,Kensington and Harrowgate,Other,Offenses Against Family and Children,2,9,5,8,8,16,5.3,150,300,60,51,2.9,13.2,7.4,11.8,7.8
25,68000,Kensington and Harrowgate,Other,Other Assaults,1597,1497,1514,1408,1584,4608,1536,-5.2,-0.8,4.6,3,2348.5,2201.5,2226.5,2329.4,2258.8
25,68000,Kensington and Harrowgate,Other,Other Sex Offenses (Not Commercialized),75,53,86,216,226,214,71.3,14.7,201.3,162.8,217,110.3,77.9,126.5,332.4,104.9
25,68000,Kensington and Harrowgate,Other,Prostitution and Commercialized Vice,117,26,9,36,36,152,50.7,-92.3,-69.2,300,-29,172.1,38.2,13.2,52.9,74.6
25,68000,Kensington and Harrowgate,Other,Public Drunkenness,4,1,1,7,7,6,2,-75,75,600,250,5.9,1.5,1.5,10.3,2.9
25,68000,Kensington and Harrowgate,Other,Receiving Stolen Property,2,3,60,87,95,65,21.7,2900,4650,58.3,338,2.9,4.4,88.2,139.7,31.9
25,68000,Kensington and Harrowgate,Other,Vagrancy/Loitering,0,0,4,0,0,4,1.3,NA,NA,-100,-100,0,0,5.9,0,1.9
25,68000,Kensington and Harrowgate,Other,Vandalism/Criminal Mischief,962,910,770,676,745,2642,880.7,-20,-22.6,-3.2,-15,1414.7,1338.2,1132.4,1095.6,1295.1
25,68000,Kensington and Harrowgate,Other,Weapon Violations,294,350,318,346,368,962,320.7,8.2,25.2,15.7,15,432.4,514.7,467.6,541.2,471.6
25,68000,Kensington and Harrowgate,Robbery,Robbery Firearm,240,185,256,274,340,681,227,6.7,41.7,32.8,50,352.9,272.1,376.5,500,333.8
25,68000,Kensington and Harrowgate,Robbery,Robbery No Firearm,319,235,212,184,207,766,255.3,-33.5,-35.1,-2.4,-19,469.1,345.6,311.8,304.4,375.4
25,68000,Kensington and Harrowgate,Sexual Assault,Rape,68,80,74,40,48,222,74,8.8,-29.4,-35.1,-35,100,117.6,108.8,70.6,108.8
25,68000,Kensington and Harrowgate,Theft,Theft from Vehicle,677,780,499,431,496,1956,652,-26.3,-26.7,-0.6,-24,995.6,1147.1,733.8,729.4,958.8
25,68000,Kensington and Harrowgate,Theft,Thefts,804,725,892,998,1099,2421,807,10.9,36.7,23.2,36,1182.4,1066.2,1311.8,1616.2,1186.8
26,57000,Fishtown,Aggravated Assault,Aggravated Assault Firearm,70,134,139,122,134,343,114.3,98.6,91.4,-3.6,17,122.8,235.1,243.9,235.1,200.5
26,57000,Fishtown,Aggravated Assault,Aggravated Assault No Firearm,198,173,184,155,177,555,185,-7.1,-10.6,-3.8,-4,347.4,303.5,322.8,310.5,324.6
26,57000,Fishtown,Burglary,Burglary Non-Residential,92,158,128,180,193,378,126,39.1,109.8,50.8,53,161.4,277.2,224.6,338.6,221.1
26,57000,Fishtown,Burglary,Burglary Residential,309,236,257,295,322,802,267.3,-16.8,4.2,25.3,20,542.1,414,450.9,564.9,468.9
26,57000,Fishtown,Motor Vehicle Theft,Motor Vehicle Theft,105,164,424,598,650,693,231,303.8,519,53.3,181,184.2,287.7,743.9,1140.4,405.3
26,57000,Fishtown,Murder,Homicide - Criminal,10,14,11,12,14,35,11.7,10,40,27.3,20,17.5,24.6,19.3,24.6,20.5
26,57000,Fishtown,Other,All Other Offenses,627,488,439,443,497,1554,518,-30,-20.7,13.2,-4,1100,856.1,770.2,871.9,908.8
26,57000,Fishtown,Other,Arson,16,25,26,22,25,67,22.3,62.5,56.2,-3.8,12,28.1,43.9,45.6,43.9,39.1
26,57000,Fishtown,Other,Disorderly Conduct,3,4,22,12,16,29,9.7,633.3,433.3,-27.3,65,5.3,7,38.6,28.1,17
26,57000,Fishtown,Other,DRIVING UNDER THE INFLUENCE,63,56,52,24,28,171,57,-17.5,-55.6,-46.2,-51,110.5,98.2,91.2,49.1,100
26,57000,Fishtown,Other,Embezzlement,16,6,3,6,6,25,8.3,-81.2,-62.5,100,-28,28.1,10.5,5.3,10.5,14.6
26,57000,Fishtown,Other,Forgery and Counterfeiting,15,10,7,9,9,32,10.7,-53.3,-40,28.6,-16,26.3,17.5,12.3,15.8,18.8
26,57000,Fishtown,Other,Fraud,350,266,239,193,211,855,285,-31.7,-39.7,-11.7,-26,614,466.7,419.3,370.2,500
26,57000,Fishtown,Other,Liquor Law Violations,6,3,7,0,0,16,5.3,16.7,-100,-100,-100,10.5,5.3,12.3,0,9.3
26,57000,Fishtown,Other,Narcotic / Drug Law Violations,103,79,34,54,56,216,72,-67,-45.6,64.7,-22,180.7,138.6,59.6,98.2,126.3
26,57000,Fishtown,Other,Offenses Against Family and Children,8,2,3,5,5,13,4.3,-62.5,-37.5,66.7,16,14,3.5,5.3,8.8,7.5
26,57000,Fishtown,Other,Other Assaults,725,705,777,716,793,2207,735.7,7.2,9.4,2.1,8,1271.9,1236.8,1363.2,1391.2,1290.7
26,57000,Fishtown,Other,Other Sex Offenses (Not Commercialized),28,30,28,21,26,86,28.7,0,-7.1,-7.1,-9,49.1,52.6,49.1,45.6,50.4
26,57000,Fishtown,Other,Prostitution and Commercialized Vice,117,40,17,37,44,174,58,-85.5,-62.4,158.8,-24,205.3,70.2,29.8,77.2,101.8
26,57000,Fishtown,Other,Public Drunkenness,5,0,24,13,15,29,9.7,380,200,-37.5,55,8.8,0,42.1,26.3,17
26,57000,Fishtown,Other,Receiving Stolen Property,2,0,15,42,42,17,5.7,650,2000,180,637,3.5,0,26.3,73.7,10
26,57000,Fishtown,Other,Vagrancy/Loitering,0,0,0,1,1,0,0,NA,NA,NA,NA,0,0,0,1.8,0
26,57000,Fishtown,Other,Vandalism/Criminal Mischief,638,644,547,572,636,1829,609.7,-14.3,-0.3,16.3,4,1119.3,1129.8,959.6,1115.8,1069.6
26,57000,Fishtown,Other,Weapon Violations,37,102,88,73,84,227,75.7,137.8,127,-4.5,11,64.9,178.9,154.4,147.4,132.8
26,57000,Fishtown,Robbery,Robbery Firearm,107,73,110,165,194,290,96.7,2.8,81.3,76.4,101,187.7,128.1,193,340.4,169.6
26,57000,Fishtown,Robbery,Robbery No Firearm,140,104,134,120,130,378,126,-4.3,-7.1,-3,3,245.6,182.5,235.1,228.1,221.1
26,57000,Fishtown,Sexual Assault,Rape,41,26,24,21,22,91,30.3,-41.5,-46.3,-8.3,-27,71.9,45.6,42.1,38.6,53.2
26,57000,Fishtown,Theft,Theft from Vehicle,978,1007,1066,1199,1350,3051,1017,9,38,26.6,33,1715.8,1766.7,1870.2,2368.4,1784.2
26,57000,Fishtown,Theft,Thefts,900,833,1005,1133,1255,2738,912.7,11.7,39.4,24.9,38,1578.9,1461.4,1763.2,2201.8,1601.2
15,139000,"Bridesburg, Frankford, Northwood and Wissimoming",Aggravated Assault,Aggravated Assault Firearm,216,277,272,297,317,765,255,25.9,46.8,16.5,24,155.4,199.3,195.7,228.1,183.5
15,139000,"Bridesburg, Frankford, Northwood and Wissimoming",Aggravated Assault,Aggravated Assault No Firearm,409,374,383,306,352,1166,388.7,-6.4,-13.9,-8.1,-9,294.2,269.1,275.5,253.2,279.6
15,139000,"Bridesburg, Frankford, Northwood and Wissimoming",Burglary,Burglary Non-Residential,82,177,79,133,142,338,112.7,-3.7,73.2,79.7,26,59,127.3,56.8,102.2,81.1
15,139000,"Bridesburg, Frankford, Northwood and Wissimoming",Burglary,Burglary Residential,309,193,237,229,255,739,246.3,-23.3,-17.5,7.6,4,222.3,138.8,170.5,183.5,177.2
15,139000,"Bridesburg, Frankford, Northwood and Wissimoming",Motor Vehicle Theft,Motor Vehicle Theft,146,292,778,1018,1137,1216,405.3,432.9,678.8,46.1,181,105,210.1,559.7,818,291.6
15,139000,"Bridesburg, Frankford, Northwood and Wissimoming",Murder,Homicide - Criminal,31,41,42,35,43,114,38,35.5,38.7,2.4,13,22.3,29.5,30.2,30.9,27.3
15,139000,"Bridesburg, Frankford, Northwood and Wissimoming",Other,All Other Offenses,1395,1039,792,687,767,3226,1075.3,-43.2,-45,-3.2,-29,1003.6,747.5,569.8,551.8,773.6
15,139000,"Bridesburg, Frankford, Northwood and Wissimoming",Other,Arson,49,60,70,63,69,179,59.7,42.9,40.8,-1.4,16,35.3,43.2,50.4,49.6,42.9
15,139000,"Bridesburg, Frankford, Northwood and Wissimoming",Other,Disorderly Conduct,29,22,18,8,9,69,23,-37.9,-69,-50,-61,20.9,15.8,12.9,6.5,16.5
15,139000,"Bridesburg, Frankford, Northwood and Wissimoming",Other,DRIVING UNDER THE INFLUENCE,161,102,90,51,55,353,117.7,-44.1,-65.8,-38.9,-53,115.8,73.4,64.7,39.6,84.7
15,139000,"Bridesburg, Frankford, Northwood and Wissimoming",Other,Embezzlement,27,11,9,8,8,47,15.7,-66.7,-70.4,-11.1,-49,19.4,7.9,6.5,5.8,11.3
15,139000,"Bridesburg, Frankford, Northwood and Wissimoming",Other,Forgery and Counterfeiting,21,12,18,24,28,51,17,-14.3,33.3,55.6,65,15.1,8.6,12.9,20.1,12.2
15,139000,"Bridesburg, Frankford, Northwood and Wissimoming",Other,Fraud,824,626,621,484,530,2071,690.3,-24.6,-35.7,-14.7,-23,592.8,450.4,446.8,381.3,496.6
15,139000,"Bridesburg, Frankford, Northwood and Wissimoming",Other,Gambling Violations,2,0,1,0,1,3,1,-50,-50,0,0,1.4,0,0.7,0.7,0.7
15,139000,"Bridesburg, Frankford, Northwood and Wissimoming",Other,Liquor Law Violations,3,8,5,3,4,16,5.3,66.7,33.3,-20,-25,2.2,5.8,3.6,2.9,3.8
15,139000,"Bridesburg, Frankford, Northwood and Wissimoming",Other,Narcotic / Drug Law Violations,419,244,176,129,138,839,279.7,-58,-67.1,-21.6,-51,301.4,175.5,126.6,99.3,201.2
15,139000,"Bridesburg, Frankford, Northwood and Wissimoming",Other,Offenses Against Family and Children,12,12,5,6,6,29,9.7,-58.3,-50,20,-38,8.6,8.6,3.6,4.3,7
15,139000,"Bridesburg, Frankford, Northwood and Wissimoming",Other,Other Assaults,1962,1662,1788,1588,1768,5412,1804,-8.9,-9.9,-1.1,-2,1411.5,1195.7,1286.3,1271.9,1297.8
15,139000,"Bridesburg, Frankford, Northwood and Wissimoming",Other,Other Sex Offenses (Not Commercialized),91,59,88,68,75,238,79.3,-3.3,-17.6,-14.8,-5,65.5,42.4,63.3,54,57.1
15,139000,"Bridesburg, Frankford, Northwood and Wissimoming",Other,Prostitution and Commercialized Vice,45,7,3,24,24,55,18.3,-93.3,-46.7,700,31,32.4,5,2.2,17.3,13.2
15,139000,"Bridesburg, Frankford, Northwood and Wissimoming",Other,Receiving Stolen Property,3,2,41,66,73,46,15.3,1266.7,2333.3,78,377,2.2,1.4,29.5,52.5,11
15,139000,"Bridesburg, Frankford, Northwood and Wissimoming",Other,Vagrancy/Loitering,0,0,1,0,0,1,0.3,NA,NA,-100,-100,0,0,0.7,0,0.2
15,139000,"Bridesburg, Frankford, Northwood and Wissimoming",Other,Vandalism/Criminal Mischief,1338,1264,1279,1006,1143,3881,1293.7,-4.4,-14.6,-10.6,-12,962.6,909.4,920.1,822.3,930.7
15,139000,"Bridesburg, Frankford, Northwood and Wissimoming",Other,Weapon Violations,211,231,213,229,245,655,218.3,0.9,16.1,15,12,151.8,166.2,153.2,176.3,157.1
15,139000,"Bridesburg, Frankford, Northwood and Wissimoming",Robbery,Robbery Firearm,194,196,193,266,304,583,194.3,-0.5,56.7,57.5,56,139.6,141,138.8,218.7,139.8
15,139000,"Bridesburg, Frankford, Northwood and Wissimoming",Robbery,Robbery No Firearm,341,191,182,154,181,714,238,-46.6,-46.9,-0.5,-24,245.3,137.4,130.9,130.2,171.2
15,139000,"Bridesburg, Frankford, Northwood and Wissimoming",Sexual Assault,Rape,92,90,53,36,40,235,78.3,-42.4,-56.5,-24.5,-49,66.2,64.7,38.1,28.8,56.3
15,139000,"Bridesburg, Frankford, Northwood and Wissimoming",Theft,Theft from Vehicle,1034,1000,992,905,1024,3026,1008.7,-4.1,-1,3.2,2,743.9,719.4,713.7,736.7,725.7
15,139000,"Bridesburg, Frankford, Northwood and Wissimoming",Theft,Thefts,1554,1256,1604,2324,2535,4414,1471.3,3.2,63.1,58,72,1118,903.6,1154,1823.7,1058.5
77,0,Philadelphia airport,Aggravated Assault,Aggravated Assault Firearm,0,1,0,0,0,1,0.3,NA,NA,NA,-100,NA,NA,NA,NA,NA
77,0,Philadelphia airport,Aggravated Assault,Aggravated Assault No Firearm,7,7,2,5,6,16,5.3,-71.4,-14.3,200,13,NA,NA,NA,NA,NA
77,0,Philadelphia airport,Burglary,Burglary Non-Residential,0,6,3,0,1,9,3,NA,NA,-66.7,-67,NA,NA,NA,NA,NA
77,0,Philadelphia airport,Burglary,Burglary Residential,1,0,0,0,0,1,0.3,-100,-100,NA,-100,NA,NA,NA,NA,NA
77,0,Philadelphia airport,Motor Vehicle Theft,Motor Vehicle Theft,2,14,13,41,43,29,9.7,550,2050,230.8,343,NA,NA,NA,NA,NA
77,0,Philadelphia airport,Other,All Other Offenses,18,14,23,17,19,55,18.3,27.8,5.6,-17.4,4,NA,NA,NA,NA,NA
77,0,Philadelphia airport,Other,Disorderly Conduct,50,31,21,25,27,102,34,-58,-46,28.6,-21,NA,NA,NA,NA,NA
77,0,Philadelphia airport,Other,DRIVING UNDER THE INFLUENCE,1,2,0,0,0,3,1,-100,-100,NA,-100,NA,NA,NA,NA,NA
77,0,Philadelphia airport,Other,Embezzlement,15,12,7,11,11,34,11.3,-53.3,-26.7,57.1,-3,NA,NA,NA,NA,NA
77,0,Philadelphia airport,Other,Forgery and Counterfeiting,4,1,2,1,1,7,2.3,-50,-75,-50,-57,NA,NA,NA,NA,NA
77,0,Philadelphia airport,Other,Fraud,122,111,101,67,73,334,111.3,-17.2,-40.2,-27.7,-34,NA,NA,NA,NA,NA
77,0,Philadelphia airport,Other,Narcotic / Drug Law Violations,9,17,17,11,14,43,14.3,88.9,55.6,-17.6,-2,NA,NA,NA,NA,NA
77,0,Philadelphia airport,Other,Other Assaults,34,38,54,48,52,126,42,58.8,52.9,-3.7,24,NA,NA,NA,NA,NA
77,0,Philadelphia airport,Other,Other Sex Offenses (Not Commercialized),2,2,3,1,2,7,2.3,50,0,-33.3,-13,NA,NA,NA,NA,NA
77,0,Philadelphia airport,Other,Public Drunkenness,3,0,2,0,0,5,1.7,-33.3,-100,-100,-100,NA,NA,NA,NA,NA
77,0,Philadelphia airport,Other,Receiving Stolen Property,0,0,4,8,8,4,1.3,NA,NA,100,515,NA,NA,NA,NA,NA
77,0,Philadelphia airport,Other,Vandalism/Criminal Mischief,10,26,15,25,27,51,17,50,170,80,59,NA,NA,NA,NA,NA
77,0,Philadelphia airport,Other,Weapon Violations,8,14,19,14,15,41,13.7,137.5,87.5,-21.1,9,NA,NA,NA,NA,NA
77,0,Philadelphia airport,Robbery,Robbery Firearm,0,1,1,1,1,2,0.7,NA,NA,0,43,NA,NA,NA,NA,NA
77,0,Philadelphia airport,Robbery,Robbery No Firearm,2,1,3,2,3,6,2,50,50,0,50,NA,NA,NA,NA,NA
77,0,Philadelphia airport,Theft,Theft from Vehicle,16,14,22,60,61,52,17.3,37.5,281.2,177.3,253,NA,NA,NA,NA,NA
77,0,Philadelphia airport,Theft,Thefts,368,187,322,382,423,877,292.3,-12.5,14.9,31.4,45,NA,NA,NA,NA,NA
05,43000,"Andorra, Roxborough and Manayunk",Aggravated Assault,Aggravated Assault Firearm,10,16,18,25,26,44,14.7,80,160,44.4,77,23.3,37.2,41.9,60.5,34.2
05,43000,"Andorra, Roxborough and Manayunk",Aggravated Assault,Aggravated Assault No Firearm,66,51,31,43,44,148,49.3,-53,-33.3,41.9,-11,153.5,118.6,72.1,102.3,114.7
05,43000,"Andorra, Roxborough and Manayunk",Burglary,Burglary Non-Residential,51,60,36,49,52,147,49,-29.4,2,44.4,6,118.6,139.5,83.7,120.9,114
05,43000,"Andorra, Roxborough and Manayunk",Burglary,Burglary Residential,70,56,92,73,86,218,72.7,31.4,22.9,-6.5,18,162.8,130.2,214,200,169.1
05,43000,"Andorra, Roxborough and Manayunk",Motor Vehicle Theft,Motor Vehicle Theft,21,30,92,158,175,143,47.7,338.1,733.3,90.2,267,48.8,69.8,214,407,110.9
05,43000,"Andorra, Roxborough and Manayunk",Murder,Homicide - Criminal,1,1,2,5,5,4,1.3,100,400,150,285,2.3,2.3,4.7,11.6,3
05,43000,"Andorra, Roxborough and Manayunk",Other,All Other Offenses,239,166,81,104,111,486,162,-66.1,-53.6,37,-31,555.8,386,188.4,258.1,376.7
05,43000,"Andorra, Roxborough and Manayunk",Other,Arson,7,3,7,8,11,17,5.7,0,57.1,57.1,93,16.3,7,16.3,25.6,13.3
05,43000,"Andorra, Roxborough and Manayunk",Other,Disorderly Conduct,5,5,6,2,3,16,5.3,20,-40,-50,-43,11.6,11.6,14,7,12.3
05,43000,"Andorra, Roxborough and Manayunk",Other,DRIVING UNDER THE INFLUENCE,28,10,12,12,12,50,16.7,-57.1,-57.1,0,-28,65.1,23.3,27.9,27.9,38.8
05,43000,"Andorra, Roxborough and Manayunk",Other,Embezzlement,8,2,5,4,5,15,5,-37.5,-37.5,0,0,18.6,4.7,11.6,11.6,11.6
05,43000,"Andorra, Roxborough and Manayunk",Other,Forgery and Counterfeiting,5,3,7,6,6,15,5,40,20,-14.3,20,11.6,7,16.3,14,11.6
05,43000,"Andorra, Roxborough and Manayunk",Other,Fraud,240,200,202,224,243,642,214,-15.8,1.2,20.3,14,558.1,465.1,469.8,565.1,497.7
05,43000,"Andorra, Roxborough and Manayunk",Other,Liquor Law Violations,4,0,2,0,0,6,2,-50,-100,-100,-100,9.3,0,4.7,0,4.7
05,43000,"Andorra, Roxborough and Manayunk",Other,Narcotic / Drug Law Violations,19,4,9,2,2,32,10.7,-52.6,-89.5,-77.8,-81,44.2,9.3,20.9,4.7,24.9
05,43000,"Andorra, Roxborough and Manayunk",Other,Offenses Against Family and Children,1,3,1,1,2,5,1.7,0,100,100,18,2.3,7,2.3,4.7,4
05,43000,"Andorra, Roxborough and Manayunk",Other,Other Assaults,386,303,335,364,408,1024,341.3,-13.2,5.7,21.8,20,897.7,704.7,779.1,948.8,793.7
05,43000,"Andorra, Roxborough and Manayunk",Other,Other Sex Offenses (Not Commercialized),14,10,22,11,13,46,15.3,57.1,-7.1,-40.9,-15,32.6,23.3,51.2,30.2,35.6
05,43000,"Andorra, Roxborough and Manayunk",Other,Prostitution and Commercialized Vice,0,0,0,2,2,0,0,NA,NA,NA,NA,0,0,0,4.7,0
05,43000,"Andorra, Roxborough and Manayunk",Other,Public Drunkenness,3,0,0,1,1,3,1,-100,-66.7,NA,0,7,0,0,2.3,2.3
05,43000,"Andorra, Roxborough and Manayunk",Other,Receiving Stolen Property,0,0,4,10,11,4,1.3,NA,NA,175,746,0,0,9.3,25.6,3
05,43000,"Andorra, Roxborough and Manayunk",Other,Vandalism/Criminal Mischief,272,203,219,173,195,694,231.3,-19.5,-28.3,-11,-16,632.6,472.1,509.3,453.5,537.9
05,43000,"Andorra, Roxborough and Manayunk",Other,Weapon Violations,7,9,8,5,6,24,8,14.3,-14.3,-25,-25,16.3,20.9,18.6,14,18.6
05,43000,"Andorra, Roxborough and Manayunk",Robbery,Robbery Firearm,10,5,19,16,18,34,11.3,90,80,-5.3,59,23.3,11.6,44.2,41.9,26.3
05,43000,"Andorra, Roxborough and Manayunk",Robbery,Robbery No Firearm,16,20,14,23,26,50,16.7,-12.5,62.5,85.7,56,37.2,46.5,32.6,60.5,38.8
05,43000,"Andorra, Roxborough and Manayunk",Sexual Assault,Rape,10,10,10,13,14,30,10,0,40,40,40,23.3,23.3,23.3,32.6,23.3
05,43000,"Andorra, Roxborough and Manayunk",Theft,Theft from Vehicle,446,318,504,527,593,1268,422.7,13,33,17.7,40,1037.2,739.5,1172.1,1379.1,983
05,43000,"Andorra, Roxborough and Manayunk",Theft,Thefts,324,325,369,414,468,1018,339.3,13.9,44.4,26.8,38,753.5,755.8,858.1,1088.4,789.1
06,46000,"Center City East, Chinatown, Poplar and Society Hill",Aggravated Assault,Aggravated Assault Firearm,35,75,50,67,70,160,53.3,42.9,100,40,31,76.1,163,108.7,152.2,115.9
06,46000,"Center City East, Chinatown, Poplar and Society Hill",Aggravated Assault,Aggravated Assault No Firearm,213,180,203,219,235,596,198.7,-4.7,10.3,15.8,18,463,391.3,441.3,510.9,432
06,46000,"Center City East, Chinatown, Poplar and Society Hill",Burglary,Burglary Non-Residential,171,230,180,224,228,581,193.7,5.3,33.3,26.7,18,371.7,500,391.3,495.7,421.1
06,46000,"Center City East, Chinatown, Poplar and Society Hill",Burglary,Burglary Residential,132,100,102,119,143,334,111.3,-22.7,8.3,40.2,28,287,217.4,221.7,310.9,242
06,46000,"Center City East, Chinatown, Poplar and Society Hill",Motor Vehicle Theft,Motor Vehicle Theft,45,61,228,252,292,334,111.3,406.7,548.9,28.1,162,97.8,132.6,495.7,634.8,242
06,46000,"Center City East, Chinatown, Poplar and Society Hill",Murder,Homicide - Criminal,6,0,7,5,6,13,4.3,16.7,0,-14.3,40,13,0,15.2,13,9.3
06,46000,"Center City East, Chinatown, Poplar and Society Hill",Other,All Other Offenses,1502,688,417,583,613,2607,869,-72.2,-59.2,47,-29,3265.2,1495.7,906.5,1332.6,1889.1
06,46000,"Center City East, Chinatown, Poplar and Society Hill",Other,Arson,10,14,23,18,20,47,15.7,130,100,-13,27,21.7,30.4,50,43.5,34.1
06,46000,"Center City East, Chinatown, Poplar and Society Hill",Other,Disorderly Conduct,36,13,22,28,28,71,23.7,-38.9,-22.2,27.3,18,78.3,28.3,47.8,60.9,51.5
06,46000,"Center City East, Chinatown, Poplar and Society Hill",Other,DRIVING UNDER THE INFLUENCE,62,38,33,28,30,133,44.3,-46.8,-51.6,-9.1,-32,134.8,82.6,71.7,65.2,96.3
06,46000,"Center City East, Chinatown, Poplar and Society Hill",Other,Embezzlement,34,11,8,18,19,53,17.7,-76.5,-44.1,137.5,7,73.9,23.9,17.4,41.3,38.5
06,46000,"Center City East, Chinatown, Poplar and Society Hill",Other,Forgery and Counterfeiting,20,9,6,22,24,35,11.7,-70,20,300,105,43.5,19.6,13,52.2,25.4
06,46000,"Center City East, Chinatown, Poplar and Society Hill",Other,Fraud,414,284,251,235,254,949,316.3,-39.4,-38.6,1.2,-20,900,617.4,545.7,552.2,687.6
06,46000,"Center City East, Chinatown, Poplar and Society Hill",Other,Gambling Violations,1,0,0,1,1,1,0.3,-100,0,NA,233,2.2,0,0,2.2,0.7
06,46000,"Center City East, Chinatown, Poplar and Society Hill",Other,Liquor Law Violations,3,0,4,1,1,7,2.3,33.3,-66.7,-75,-57,6.5,0,8.7,2.2,5
06,46000,"Center City East, Chinatown, Poplar and Society Hill",Other,Narcotic / Drug Law Violations,487,134,40,25,28,661,220.3,-91.8,-94.3,-30,-87,1058.7,291.3,87,60.9,478.9
06,46000,"Center City East, Chinatown, Poplar and Society Hill",Other,Offenses Against Family and Children,2,1,1,2,2,4,1.3,-50,0,100,54,4.3,2.2,2.2,4.3,2.8
06,46000,"Center City East, Chinatown, Poplar and Society Hill",Other,Other Assaults,913,663,868,967,1061,2444,814.7,-4.9,16.2,22.2,30,1984.8,1441.3,1887,2306.5,1771.1
06,46000,"Center City East, Chinatown, Poplar and Society Hill",Other,Other Sex Offenses (Not Commercialized),51,27,41,38,45,119,39.7,-19.6,-11.8,9.8,13,110.9,58.7,89.1,97.8,86.3
06,46000,"Center City East, Chinatown, Poplar and Society Hill",Other,Prostitution and Commercialized Vice,14,3,0,1,1,17,5.7,-100,-92.9,NA,-82,30.4,6.5,0,2.2,12.4
06,46000,"Center City East, Chinatown, Poplar and Society Hill",Other,Public Drunkenness,2,0,1,2,3,3,1,-50,50,200,200,4.3,0,2.2,6.5,2.2
06,46000,"Center City East, Chinatown, Poplar and Society Hill",Other,Receiving Stolen Property,0,0,20,29,30,20,6.7,NA,NA,50,348,0,0,43.5,65.2,14.6
06,46000,"Center City East, Chinatown, Poplar and Society Hill",Other,Vandalism/Criminal Mischief,564,523,478,551,594,1565,521.7,-15.2,5.3,24.3,14,1226.1,1137,1039.1,1291.3,1134.1
06,46000,"Center City East, Chinatown, Poplar and Society Hill",Other,Weapon Violations,43,55,44,47,52,142,47.3,2.3,20.9,18.2,10,93.5,119.6,95.7,113,102.8
06,46000,"Center City East, Chinatown, Poplar and Society Hill",Robbery,Robbery Firearm,47,32,66,74,85,145,48.3,40.4,80.9,28.8,76,102.2,69.6,143.5,184.8,105
06,46000,"Center City East, Chinatown, Poplar and Society Hill",Robbery,Robbery No Firearm,248,157,217,196,226,622,207.3,-12.5,-8.9,4.1,9,539.1,341.3,471.7,491.3,450.7
06,46000,"Center City East, Chinatown, Poplar and Society Hill",Sexual Assault,Rape,31,21,27,19,22,79,26.3,-12.9,-29,-18.5,-16,67.4,45.7,58.7,47.8,57.2
06,46000,"Center City East, Chinatown, Poplar and Society Hill",Theft,Theft from Vehicle,672,616,598,804,887,1886,628.7,-11,32,48.3,41,1460.9,1339.1,1300,1928.3,1366.7
06,46000,"Center City East, Chinatown, Poplar and Society Hill",Theft,Thefts,2751,1999,2209,2409,2607,6959,2319.7,-19.7,-5.2,18,12,5980.4,4345.7,4802.2,5667.4,5042.8
07,95000,Somerton,Aggravated Assault,Aggravated Assault Firearm,13,27,24,24,25,64,21.3,84.6,92.3,4.2,17,13.7,28.4,25.3,26.3,22.4
07,95000,Somerton,Aggravated Assault,Aggravated Assault No Firearm,67,43,73,53,57,183,61,9,-14.9,-21.9,-7,70.5,45.3,76.8,60,64.2
07,95000,Somerton,Burglary,Burglary Non-Residential,18,50,29,72,81,97,32.3,61.1,350,179.3,151,18.9,52.6,30.5,85.3,34
07,95000,Somerton,Burglary,Burglary Residential,91,67,65,74,80,223,74.3,-28.6,-12.1,23.1,8,95.8,70.5,68.4,84.2,78.2
07,95000,Somerton,Motor Vehicle Theft,Motor Vehicle Theft,22,43,107,151,169,172,57.3,386.4,668.2,57.9,195,23.2,45.3,112.6,177.9,60.3
07,95000,Somerton,Murder,Homicide - Criminal,5,3,4,1,1,12,4,-20,-80,-75,-75,5.3,3.2,4.2,1.1,4.2
07,95000,Somerton,Other,All Other Offenses,298,216,224,202,226,738,246,-24.8,-24.2,0.9,-8,313.7,227.4,235.8,237.9,258.9
07,95000,Somerton,Other,Arson,8,3,6,6,6,17,5.7,-25,-25,0,5,8.4,3.2,6.3,6.3,6
07,95000,Somerton,Other,Disorderly Conduct,0,0,2,0,0,2,0.7,NA,NA,-100,-100,0,0,2.1,0,0.7
07,95000,Somerton,Other,DRIVING UNDER THE INFLUENCE,38,23,29,16,16,90,30,-23.7,-57.9,-44.8,-47,40,24.2,30.5,16.8,31.6
07,95000,Somerton,Other,Embezzlement,14,8,9,5,6,31,10.3,-35.7,-57.1,-33.3,-42,14.7,8.4,9.5,6.3,10.8
07,95000,Somerton,Other,Forgery and Counterfeiting,5,2,16,24,28,23,7.7,220,460,75,264,5.3,2.1,16.8,29.5,8.1
07,95000,Somerton,Other,Fraud,419,395,438,298,350,1252,417.3,4.5,-16.5,-20.1,-16,441.1,415.8,461.1,368.4,439.3
07,95000,Somerton,Other,Liquor Law Violations,3,1,1,0,0,5,1.7,-66.7,-100,-100,-100,3.2,1.1,1.1,0,1.8
07,95000,Somerton,Other,Narcotic / Drug Law Violations,12,11,4,16,16,27,9,-66.7,33.3,300,78,12.6,11.6,4.2,16.8,9.5
07,95000,Somerton,Other,Offenses Against Family and Children,2,1,2,0,0,5,1.7,0,-100,-100,-100,2.1,1.1,2.1,0,1.8
07,95000,Somerton,Other,Other Assaults,373,309,365,406,446,1047,349,-2.1,19.6,22.2,28,392.6,325.3,384.2,469.5,367.4
07,95000,Somerton,Other,Other Sex Offenses (Not Commercialized),36,16,11,24,28,63,21,-69.4,-22.2,154.5,33,37.9,16.8,11.6,29.5,22.1
07,95000,Somerton,Other,Prostitution and Commercialized Vice,4,2,0,2,2,6,2,-100,-50,NA,0,4.2,2.1,0,2.1,2.1
07,95000,Somerton,Other,Receiving Stolen Property,0,1,9,6,8,10,3.3,NA,NA,-11.1,142,0,1.1,9.5,8.4,3.5
07,95000,Somerton,Other,Vagrancy/Loitering,1,0,0,0,0,1,0.3,-100,-100,NA,-100,1.1,0,0,0,0.3
07,95000,Somerton,Other,Vandalism/Criminal Mischief,242,257,259,193,224,758,252.7,7,-7.4,-13.5,-11,254.7,270.5,272.6,235.8,266
07,95000,Somerton,Other,Weapon Violations,13,15,8,11,12,36,12,-38.5,-7.7,50,0,13.7,15.8,8.4,12.6,12.6
07,95000,Somerton,Robbery,Robbery Firearm,27,12,31,30,39,70,23.3,14.8,44.4,25.8,67,28.4,12.6,32.6,41.1,24.5
07,95000,Somerton,Robbery,Robbery No Firearm,21,23,22,22,25,66,22,4.8,19,13.6,14,22.1,24.2,23.2,26.3,23.2
07,95000,Somerton,Sexual Assault,Rape,15,22,10,2,2,47,15.7,-33.3,-86.7,-80,-87,15.8,23.2,10.5,2.1,16.5
07,95000,Somerton,Theft,Theft from Vehicle,282,399,413,566,617,1094,364.7,46.5,118.8,49.4,69,296.8,420,434.7,649.5,383.9
07,95000,Somerton,Theft,Thefts,476,487,646,913,985,1609,536.3,35.7,106.9,52.5,84,501.1,512.6,680,1036.8,564.5
08,97000,"Parkwood Manor, Byberry, Morrell Park and Millbrook",Aggravated Assault,Aggravated Assault Firearm,17,66,55,57,63,138,46,223.5,270.6,14.5,37,17.5,68,56.7,64.9,47.4
08,97000,"Parkwood Manor, Byberry, Morrell Park and Millbrook",Aggravated Assault,Aggravated Assault No Firearm,138,146,178,152,167,462,154,29,21,-6.2,8,142.3,150.5,183.5,172.2,158.8
08,97000,"Parkwood Manor, Byberry, Morrell Park and Millbrook",Burglary,Burglary Non-Residential,38,92,57,74,82,187,62.3,50,115.8,43.9,32,39.2,94.8,58.8,84.5,64.2
08,97000,"Parkwood Manor, Byberry, Morrell Park and Millbrook",Burglary,Burglary Residential,83,87,98,86,94,268,89.3,18.1,13.3,-4.1,5,85.6,89.7,101,96.9,92.1
08,97000,"Parkwood Manor, Byberry, Morrell Park and Millbrook",Motor Vehicle Theft,Motor Vehicle Theft,65,59,192,275,311,316,105.3,195.4,378.5,62,195,67,60.8,197.9,320.6,108.6
08,97000,"Parkwood Manor, Byberry, Morrell Park and Millbrook",Murder,Homicide - Criminal,2,4,10,3,3,16,5.3,400,50,-70,-43,2.1,4.1,10.3,3.1,5.5
08,97000,"Parkwood Manor, Byberry, Morrell Park and Millbrook",Other,All Other Offenses,403,485,294,292,330,1182,394,-27,-18.1,12.2,-16,415.5,500,303.1,340.2,406.2
08,97000,"Parkwood Manor, Byberry, Morrell Park and Millbrook",Other,Arson,8,6,18,17,21,32,10.7,125,162.5,16.7,96,8.2,6.2,18.6,21.6,11
08,97000,"Parkwood Manor, Byberry, Morrell Park and Millbrook",Other,Disorderly Conduct,6,4,5,4,4,15,5,-16.7,-33.3,-20,-20,6.2,4.1,5.2,4.1,5.2
08,97000,"Parkwood Manor, Byberry, Morrell Park and Millbrook",Other,DRIVING UNDER THE INFLUENCE,61,38,44,24,28,143,47.7,-27.9,-54.1,-36.4,-41,62.9,39.2,45.4,28.9,49.2
08,97000,"Parkwood Manor, Byberry, Morrell Park and Millbrook",Other,Embezzlement,24,15,11,14,15,50,16.7,-54.2,-37.5,36.4,-10,24.7,15.5,11.3,15.5,17.2
08,97000,"Parkwood Manor, Byberry, Morrell Park and Millbrook",Other,Forgery and Counterfeiting,12,2,14,46,49,28,9.3,16.7,308.3,250,427,12.4,2.1,14.4,50.5,9.6
08,97000,"Parkwood Manor, Byberry, Morrell Park and Millbrook",Other,Fraud,416,394,375,275,302,1185,395,-9.9,-27.4,-19.5,-24,428.9,406.2,386.6,311.3,407.2
08,97000,"Parkwood Manor, Byberry, Morrell Park and Millbrook",Other,Liquor Law Violations,3,20,0,0,0,23,7.7,-100,-100,NA,-100,3.1,20.6,0,0,7.9
08,97000,"Parkwood Manor, Byberry, Morrell Park and Millbrook",Other,Narcotic / Drug Law Violations,152,100,33,17,21,285,95,-78.3,-86.2,-36.4,-78,156.7,103.1,34,21.6,97.9
08,97000,"Parkwood Manor, Byberry, Morrell Park and Millbrook",Other,Offenses Against Family and Children,2,2,1,2,2,5,1.7,-50,0,100,18,2.1,2.1,1,2.1,1.8
08,97000,"Parkwood Manor, Byberry, Morrell Park and Millbrook",Other,Other Assaults,889,850,950,780,875,2689,896.3,6.9,-1.6,-7.9,-2,916.5,876.3,979.4,902.1,924
08,97000,"Parkwood Manor, Byberry, Morrell Park and Millbrook",Other,Other Sex Offenses (Not Commercialized),47,31,24,33,33,102,34,-48.9,-29.8,37.5,-3,48.5,32,24.7,34,35.1
08,97000,"Parkwood Manor, Byberry, Morrell Park and Millbrook",Other,Prostitution and Commercialized Vice,0,3,0,0,0,3,1,NA,NA,NA,-100,0,3.1,0,0,1
08,97000,"Parkwood Manor, Byberry, Morrell Park and Millbrook",Other,Receiving Stolen Property,1,1,15,18,18,17,5.7,1400,1700,20,216,1,1,15.5,18.6,5.9
08,97000,"Parkwood Manor, Byberry, Morrell Park and Millbrook",Other,Vandalism/Criminal Mischief,420,461,399,398,441,1280,426.7,-5,5,10.5,3,433,475.3,411.3,454.6,439.9
08,97000,"Parkwood Manor, Byberry, Morrell Park and Millbrook",Other,Weapon Violations,14,18,29,36,40,61,20.3,107.1,185.7,37.9,97,14.4,18.6,29.9,41.2,20.9
08,97000,"Parkwood Manor, Byberry, Morrell Park and Millbrook",Robbery,Robbery Firearm,31,30,41,45,58,102,34,32.3,87.1,41.5,71,32,30.9,42.3,59.8,35.1
08,97000,"Parkwood Manor, Byberry, Morrell Park and Millbrook",Robbery,Robbery No Firearm,63,40,46,59,67,149,49.7,-27,6.3,45.7,35,64.9,41.2,47.4,69.1,51.2
08,97000,"Parkwood Manor, Byberry, Morrell Park and Millbrook",Sexual Assault,Rape,44,27,23,10,11,94,31.3,-47.7,-75,-52.2,-65,45.4,27.8,23.7,11.3,32.3
08,97000,"Parkwood Manor, Byberry, Morrell Park and Millbrook",Theft,Theft from Vehicle,498,506,553,707,768,1557,519,11,54.2,38.9,48,513.4,521.6,570.1,791.8,535.1
08,97000,"Parkwood Manor, Byberry, Morrell Park and Millbrook",Theft,Thefts,885,711,937,1328,1471,2533,844.3,5.9,66.2,57,74,912.4,733,966,1516.5,870.4
09,66000,"Center City West, Logan Circle and North Philadelphia",Aggravated Assault,Aggravated Assault Firearm,20,26,48,42,49,94,31.3,140,145,2.1,57,30.3,39.4,72.7,74.2,47.4
09,66000,"Center City West, Logan Circle and North Philadelphia",Aggravated Assault,Aggravated Assault No Firearm,164,130,152,137,150,446,148.7,-7.3,-8.5,-1.3,1,248.5,197,230.3,227.3,225.3
09,66000,"Center City West, Logan Circle and North Philadelphia",Burglary,Burglary Non-Residential,114,244,145,159,192,503,167.7,27.2,68.4,32.4,14,172.7,369.7,219.7,290.9,254.1
09,66000,"Center City West, Logan Circle and North Philadelphia",Burglary,Burglary Residential,194,123,164,95,114,481,160.3,-15.5,-41.2,-30.5,-29,293.9,186.4,248.5,172.7,242.9
09,66000,"Center City West, Logan Circle and North Philadelphia",Motor Vehicle Theft,Motor Vehicle Theft,35,36,202,236,271,273,91,477.1,674.3,34.2,198,53,54.5,306.1,410.6,137.9
09,66000,"Center City West, Logan Circle and North Philadelphia",Murder,Homicide - Criminal,3,4,6,5,5,13,4.3,100,66.7,-16.7,16,4.5,6.1,9.1,7.6,6.5
09,66000,"Center City West, Logan Circle and North Philadelphia",Other,All Other Offenses,1028,787,838,655,705,2653,884.3,-18.5,-31.4,-15.9,-20,1557.6,1192.4,1269.7,1068.2,1339.8
09,66000,"Center City West, Logan Circle and North Philadelphia",Other,Arson,3,20,14,5,7,37,12.3,366.7,133.3,-50,-43,4.5,30.3,21.2,10.6,18.6
09,66000,"Center City West, Logan Circle and North Philadelphia",Other,Disorderly Conduct,57,63,22,31,34,142,47.3,-61.4,-40.4,54.5,-28,86.4,95.5,33.3,51.5,71.7
09,66000,"Center City West, Logan Circle and North Philadelphia",Other,DRIVING UNDER THE INFLUENCE,42,23,38,18,21,103,34.3,-9.5,-50,-44.7,-39,63.6,34.8,57.6,31.8,52
09,66000,"Center City West, Logan Circle and North Philadelphia",Other,Embezzlement,28,6,6,18,20,40,13.3,-78.6,-28.6,233.3,50,42.4,9.1,9.1,30.3,20.2
09,66000,"Center City West, Logan Circle and North Philadelphia",Other,Forgery and Counterfeiting,29,19,15,21,23,63,21,-48.3,-20.7,53.3,10,43.9,28.8,22.7,34.8,31.8
09,66000,"Center City West, Logan Circle and North Philadelphia",Other,Fraud,519,320,219,192,205,1058,352.7,-57.8,-60.5,-6.4,-42,786.4,484.8,331.8,310.6,534.4
09,66000,"Center City West, Logan Circle and North Philadelphia",Other,Gambling Violations,1,0,0,0,0,1,0.3,-100,-100,NA,-100,1.5,0,0,0,0.5
09,66000,"Center City West, Logan Circle and North Philadelphia",Other,Narcotic / Drug Law Violations,404,222,33,29,29,659,219.7,-91.8,-92.8,-12.1,-87,612.1,336.4,50,43.9,332.9
09,66000,"Center City West, Logan Circle and North Philadelphia",Other,Offenses Against Family and Children,2,1,2,1,2,5,1.7,0,0,0,18,3,1.5,3,3,2.6
09,66000,"Center City West, Logan Circle and North Philadelphia",Other,Other Assaults,921,593,649,796,884,2163,721,-29.5,-4,36.2,23,1395.5,898.5,983.3,1339.4,1092.4
09,66000,"Center City West, Logan Circle and North Philadelphia",Other,Other Sex Offenses (Not Commercialized),56,44,37,45,47,137,45.7,-33.9,-16.1,27,3,84.8,66.7,56.1,71.2,69.2
09,66000,"Center City West, Logan Circle and North Philadelphia",Other,Prostitution and Commercialized Vice,4,0,0,2,2,4,1.3,-100,-50,NA,54,6.1,0,0,3,2
09,66000,"Center City West, Logan Circle and North Philadelphia",Other,Public Drunkenness,9,2,4,7,7,15,5,-55.6,-22.2,75,40,13.6,3,6.1,10.6,7.6
09,66000,"Center City West, Logan Circle and North Philadelphia",Other,Receiving Stolen Property,1,0,9,6,7,10,3.3,800,600,-22.2,112,1.5,0,13.6,10.6,5
09,66000,"Center City West, Logan Circle and North Philadelphia",Other,Vagrancy/Loitering,3,1,1,2,2,5,1.7,-66.7,-33.3,100,18,4.5,1.5,1.5,3,2.6
09,66000,"Center City West, Logan Circle and North Philadelphia",Other,Vandalism/Criminal Mischief,430,481,402,444,488,1313,437.7,-6.5,13.5,21.4,11,651.5,728.8,609.1,739.4,663.2
09,66000,"Center City West, Logan Circle and North Philadelphia",Other,Weapon Violations,22,22,16,22,24,60,20,-27.3,9.1,50,20,33.3,33.3,24.2,36.4,30.3
09,66000,"Center City West, Logan Circle and North Philadelphia",Robbery,Robbery Firearm,41,33,60,74,87,134,44.7,46.3,112.2,45,95,62.1,50,90.9,131.8,67.7
09,66000,"Center City West, Logan Circle and North Philadelphia",Robbery,Robbery No Firearm,244,181,143,141,166,568,189.3,-41.4,-32,16.1,-12,369.7,274.2,216.7,251.5,286.8
09,66000,"Center City West, Logan Circle and North Philadelphia",Sexual Assault,Rape,23,20,21,18,20,64,21.3,-8.7,-13,-4.8,-6,34.8,30.3,31.8,30.3,32.3
09,66000,"Center City West, Logan Circle and North Philadelphia",Theft,Theft from Vehicle,579,609,624,760,836,1812,604,7.8,44.4,34,38,877.3,922.7,945.5,1266.7,915.2
09,66000,"Center City West, Logan Circle and North Philadelphia",Theft,Thefts,2847,1974,2105,2139,2374,6926,2308.7,-26.1,-16.6,12.8,3,4313.6,2990.9,3189.4,3597,3498
12,72000,"Kingsessing, Eastwick and Elmwood",Aggravated Assault,Aggravated Assault Firearm,182,350,273,224,253,805,268.3,50,39,-7.3,-6,252.8,486.1,379.2,351.4,372.6
12,72000,"Kingsessing, Eastwick and Elmwood",Aggravated Assault,Aggravated Assault No Firearm,353,384,285,225,253,1022,340.7,-19.3,-28.3,-11.2,-26,490.3,533.3,395.8,351.4,473.2
12,72000,"Kingsessing, Eastwick and Elmwood",Burglary,Burglary Non-Residential,76,186,53,64,73,315,105,-30.3,-3.9,37.7,-30,105.6,258.3,73.6,101.4,145.8
12,72000,"Kingsessing, Eastwick and Elmwood",Burglary,Burglary Residential,288,213,204,232,253,705,235,-29.2,-12.2,24,8,400,295.8,283.3,351.4,326.4
12,72000,"Kingsessing, Eastwick and Elmwood",Motor Vehicle Theft,Motor Vehicle Theft,173,241,637,759,842,1051,350.3,268.2,386.7,32.2,140,240.3,334.7,884.7,1169.4,486.5
12,72000,"Kingsessing, Eastwick and Elmwood",Murder,Homicide - Criminal,29,43,33,36,38,105,35,13.8,31,15.2,9,40.3,59.7,45.8,52.8,48.6
12,72000,"Kingsessing, Eastwick and Elmwood",Other,All Other Offenses,1905,933,694,1089,1133,3532,1177.3,-63.6,-40.5,63.3,-4,2645.8,1295.8,963.9,1573.6,1635.1
12,72000,"Kingsessing, Eastwick and Elmwood",Other,Arson,35,36,39,34,35,110,36.7,11.4,0,-10.3,-5,48.6,50,54.2,48.6,51
12,72000,"Kingsessing, Eastwick and Elmwood",Other,Disorderly Conduct,33,7,14,6,6,54,18,-57.6,-81.8,-57.1,-67,45.8,9.7,19.4,8.3,25
12,72000,"Kingsessing, Eastwick and Elmwood",Other,DRIVING UNDER THE INFLUENCE,114,75,59,35,39,248,82.7,-48.2,-65.8,-33.9,-53,158.3,104.2,81.9,54.2,114.9
12,72000,"Kingsessing, Eastwick and Elmwood",Other,Embezzlement,20,18,8,9,11,46,15.3,-60,-45,37.5,-28,27.8,25,11.1,15.3,21.2
12,72000,"Kingsessing, Eastwick and Elmwood",Other,Forgery and Counterfeiting,1,4,4,1,1,9,3,300,0,-75,-67,1.4,5.6,5.6,1.4,4.2
12,72000,"Kingsessing, Eastwick and Elmwood",Other,Fraud,365,540,566,365,417,1471,490.3,55.1,14.2,-26.3,-15,506.9,750,786.1,579.2,681
12,72000,"Kingsessing, Eastwick and Elmwood",Other,Liquor Law Violations,5,5,8,5,6,18,6,60,20,-25,0,6.9,6.9,11.1,8.3,8.3
12,72000,"Kingsessing, Eastwick and Elmwood",Other,Narcotic / Drug Law Violations,564,547,258,186,193,1369,456.3,-54.3,-65.8,-25.2,-58,783.3,759.7,358.3,268.1,633.8
12,72000,"Kingsessing, Eastwick and Elmwood",Other,Offenses Against Family and Children,8,4,3,5,5,15,5,-62.5,-37.5,66.7,0,11.1,5.6,4.2,6.9,6.9
12,72000,"Kingsessing, Eastwick and Elmwood",Other,Other Assaults,1311,1575,1576,1439,1617,4462,1487.3,20.2,23.3,2.6,9,1820.8,2187.5,2188.9,2245.8,2065.7
12,72000,"Kingsessing, Eastwick and Elmwood",Other,Other Sex Offenses (Not Commercialized),52,30,47,30,37,129,43,-9.6,-28.8,-21.3,-14,72.2,41.7,65.3,51.4,59.7
12,72000,"Kingsessing, Eastwick and Elmwood",Other,Prostitution and Commercialized Vice,33,11,4,10,10,48,16,-87.9,-69.7,150,-38,45.8,15.3,5.6,13.9,22.2
12,72000,"Kingsessing, Eastwick and Elmwood",Other,Public Drunkenness,1,1,3,0,0,5,1.7,200,-100,-100,-100,1.4,1.4,4.2,0,2.4
12,72000,"Kingsessing, Eastwick and Elmwood",Other,Receiving Stolen Property,4,2,118,122,131,124,41.3,2850,3175,11,217,5.6,2.8,163.9,181.9,57.4
12,72000,"Kingsessing, Eastwick and Elmwood",Other,Vandalism/Criminal Mischief,873,1015,956,722,816,2844,948,9.5,-6.5,-14.6,-14,1212.5,1409.7,1327.8,1133.3,1316.7
12,72000,"Kingsessing, Eastwick and Elmwood",Other,Weapon Violations,199,338,340,255,277,877,292.3,70.9,39.2,-18.5,-5,276.4,469.4,472.2,384.7,406
12,72000,"Kingsessing, Eastwick and Elmwood",Robbery,Robbery Firearm,119,137,130,149,184,386,128.7,9.2,54.6,41.5,43,165.3,190.3,180.6,255.6,178.7
12,72000,"Kingsessing, Eastwick and Elmwood",Robbery,Robbery No Firearm,150,131,110,115,133,391,130.3,-26.7,-11.3,20.9,2,208.3,181.9,152.8,184.7,181
12,72000,"Kingsessing, Eastwick and Elmwood",Sexual Assault,Rape,59,59,57,26,30,175,58.3,-3.4,-49.2,-47.4,-49,81.9,81.9,79.2,41.7,81
12,72000,"Kingsessing, Eastwick and Elmwood",Theft,Theft from Vehicle,606,719,689,525,614,2014,671.3,13.7,1.3,-10.9,-9,841.7,998.6,956.9,852.8,932.4
12,72000,"Kingsessing, Eastwick and Elmwood",Theft,Thefts,826,751,979,1146,1274,2556,852,18.5,54.2,30.1,50,1147.2,1043.1,1359.7,1769.4,1183.3
14,112000,"Germantown, Mt. Airy and Chestnut Hill",Aggravated Assault,Aggravated Assault Firearm,143,234,211,178,203,588,196,47.6,42,-3.8,4,127.7,208.9,188.4,181.2,175
14,112000,"Germantown, Mt. Airy and Chestnut Hill",Aggravated Assault,Aggravated Assault No Firearm,268,292,250,233,254,810,270,-6.7,-5.2,1.6,-6,239.3,260.7,223.2,226.8,241.1
14,112000,"Germantown, Mt. Airy and Chestnut Hill",Burglary,Burglary Non-Residential,37,168,60,65,75,265,88.3,62.2,102.7,25,-15,33,150,53.6,67,78.8
14,112000,"Germantown, Mt. Airy and Chestnut Hill",Burglary,Burglary Residential,251,228,183,188,211,662,220.7,-27.1,-15.9,15.3,-4,224.1,203.6,163.4,188.4,197.1
14,112000,"Germantown, Mt. Airy and Chestnut Hill",Motor Vehicle Theft,Motor Vehicle Theft,114,141,335,545,596,590,196.7,193.9,422.8,77.9,203,101.8,125.9,299.1,532.1,175.6
14,112000,"Germantown, Mt. Airy and Chestnut Hill",Murder,Homicide - Criminal,26,35,22,31,34,83,27.7,-15.4,30.8,54.5,23,23.2,31.2,19.6,30.4,24.7
14,112000,"Germantown, Mt. Airy and Chestnut Hill",Other,All Other Offenses,1613,873,525,529,570,3011,1003.7,-67.5,-64.7,8.6,-43,1440.2,779.5,468.8,508.9,896.2
14,112000,"Germantown, Mt. Airy and Chestnut Hill",Other,Arson,30,30,25,12,15,85,28.3,-16.7,-50,-40,-47,26.8,26.8,22.3,13.4,25.3
14,112000,"Germantown, Mt. Airy and Chestnut Hill",Other,Disorderly Conduct,15,13,12,4,5,40,13.3,-20,-66.7,-58.3,-62,13.4,11.6,10.7,4.5,11.9
14,112000,"Germantown, Mt. Airy and Chestnut Hill",Other,DRIVING UNDER THE INFLUENCE,97,60,56,36,43,213,71,-42.3,-55.7,-23.2,-39,86.6,53.6,50,38.4,63.4
14,112000,"Germantown, Mt. Airy and Chestnut Hill",Other,Embezzlement,13,12,5,7,7,30,10,-61.5,-46.2,40,-30,11.6,10.7,4.5,6.2,8.9
14,112000,"Germantown, Mt. Airy and Chestnut Hill",Other,Forgery and Counterfeiting,17,11,30,159,162,58,19.3,76.5,852.9,440,739,15.2,9.8,26.8,144.6,17.2
14,112000,"Germantown, Mt. Airy and Chestnut Hill",Other,Fraud,679,802,910,589,670,2391,797,34,-1.3,-26.4,-16,606.2,716.1,812.5,598.2,711.6
14,112000,"Germantown, Mt. Airy and Chestnut Hill",Other,Gambling Violations,15,1,4,0,0,20,6.7,-73.3,-100,-100,-100,13.4,0.9,3.6,0,6
14,112000,"Germantown, Mt. Airy and Chestnut Hill",Other,Liquor Law Violations,1,1,0,1,1,2,0.7,-100,0,NA,43,0.9,0.9,0,0.9,0.6
14,112000,"Germantown, Mt. Airy and Chestnut Hill",Other,Narcotic / Drug Law Violations,498,322,246,169,195,1066,355.3,-50.6,-60.8,-20.7,-45,444.6,287.5,219.6,174.1,317.2
14,112000,"Germantown, Mt. Airy and Chestnut Hill",Other,Offenses Against Family and Children,9,58,39,44,48,106,35.3,333.3,433.3,23.1,36,8,51.8,34.8,42.9,31.5
14,112000,"Germantown, Mt. Airy and Chestnut Hill",Other,Other Assaults,1605,1656,1601,1612,1762,4862,1620.7,-0.2,9.8,10.1,9,1433,1478.6,1429.5,1573.2,1447.1
14,112000,"Germantown, Mt. Airy and Chestnut Hill",Other,Other Sex Offenses (Not Commercialized),52,40,56,47,53,148,49.3,7.7,1.9,-5.4,8,46.4,35.7,50,47.3,44
14,112000,"Germantown, Mt. Airy and Chestnut Hill",Other,Prostitution and Commercialized Vice,7,0,0,1,1,7,2.3,-100,-85.7,NA,-57,6.2,0,0,0.9,2.1
14,112000,"Germantown, Mt. Airy and Chestnut Hill",Other,Public Drunkenness,1,0,2,0,0,3,1,100,-100,-100,-100,0.9,0,1.8,0,0.9
14,112000,"Germantown, Mt. Airy and Chestnut Hill",Other,Receiving Stolen Property,1,1,29,47,53,31,10.3,2800,5200,82.8,415,0.9,0.9,25.9,47.3,9.2
14,112000,"Germantown, Mt. Airy and Chestnut Hill",Other,Vagrancy/Loitering,1,0,1,0,0,2,0.7,0,-100,-100,-100,0.9,0,0.9,0,0.6
14,112000,"Germantown, Mt. Airy and Chestnut Hill",Other,Vandalism/Criminal Mischief,927,952,836,801,878,2715,905,-9.8,-5.3,5,-3,827.7,850,746.4,783.9,808
14,112000,"Germantown, Mt. Airy and Chestnut Hill",Other,Weapon Violations,155,249,294,187,217,698,232.7,89.7,40,-26.2,-7,138.4,222.3,262.5,193.8,207.8
14,112000,"Germantown, Mt. Airy and Chestnut Hill",Robbery,Robbery Firearm,119,84,105,135,164,308,102.7,-11.8,37.8,56.2,60,106.3,75,93.8,146.4,91.7
14,112000,"Germantown, Mt. Airy and Chestnut Hill",Robbery,Robbery No Firearm,107,96,76,92,103,279,93,-29,-3.7,35.5,11,95.5,85.7,67.9,92,83
14,112000,"Germantown, Mt. Airy and Chestnut Hill",Sexual Assault,Rape,52,59,31,23,24,142,47.3,-40.4,-53.8,-22.6,-49,46.4,52.7,27.7,21.4,42.2
14,112000,"Germantown, Mt. Airy and Chestnut Hill",Theft,Theft from Vehicle,701,649,681,700,806,2031,677,-2.9,15,18.4,19,625.9,579.5,608,719.6,604.5
14,112000,"Germantown, Mt. Airy and Chestnut Hill",Theft,Thefts,1083,1105,1088,1171,1299,3276,1092,0.5,19.9,19.4,19,967,986.6,971.4,1159.8,975
